Município;Freguesia
ÁGUEDA;Aguada de Cima
ÁGUEDA;Fermentelos
ÁGUEDA;Macinhata do Vouga
ÁGUEDA;Valongo do Vouga
ALBERGARIA-A-VELHA;Alquerubim
ALBERGARIA-A-VELHA;Angeja
ALBERGARIA-A-VELHA;Branca
ALBERGARIA-A-VELHA;Ribeira de Fráguas
ANADIA;Avelãs de Caminho
ANADIA;Avelãs de Cima
ANADIA;Moita
ANADIA;Sangalhos
ANADIA;São Lourenço do Bairro
ANADIA;Vila Nova de Monsarros
ANADIA;Vilarinho do Bairro
AROUCA;Alvarenga
AROUCA;Chave
AROUCA;Escariz
AROUCA;Fermedo
AROUCA;Mansores
AROUCA;Moldes
AROUCA;Rossas
AROUCA;Santa Eulália
AROUCA;São Miguel do Mato
AROUCA;Tropeço
AROUCA;Urrô
AROUCA;Várzea
AVEIRO;Aradas
AVEIRO;Cacia
AVEIRO;Esgueira
AVEIRO;Oliveirinha
AVEIRO;Santa Joana
AVEIRO;São Bernardo
AVEIRO;São Jacinto
CASTELO DE PAIVA;Fornos
CASTELO DE PAIVA;Real
CASTELO DE PAIVA;Santa Maria de Sardoura
CASTELO DE PAIVA;São Martinho de Sardoura
ESPINHO;Espinho
ESPINHO;Paramos
ESPINHO;Silvalde
ESTARREJA;Avanca
ESTARREJA;Pardilhó
ESTARREJA;Salreu
SANTA MARIA DA FEIRA;Argoncilhe
SANTA MARIA DA FEIRA;Arrifana
SANTA MARIA DA FEIRA;Escapães
SANTA MARIA DA FEIRA;Fiães
SANTA MARIA DA FEIRA;Fornos
SANTA MARIA DA FEIRA;Lourosa
SANTA MARIA DA FEIRA;Milheirós de Poiares
SANTA MARIA DA FEIRA;Mozelos
SANTA MARIA DA FEIRA;Nogueira da Regedoura
SANTA MARIA DA FEIRA;Paços de Brandão
SANTA MARIA DA FEIRA;Rio Meão
SANTA MARIA DA FEIRA;Romariz
SANTA MARIA DA FEIRA;Sanguedo
SANTA MARIA DA FEIRA;Santa Maria de Lamas
SANTA MARIA DA FEIRA;São João de Ver
SANTA MARIA DA FEIRA;São Paio de Oleiros
MEALHADA;Barcouço
MEALHADA;Casal Comba
MEALHADA;Luso
MEALHADA;Pampilhosa
MEALHADA;Vacariça
MURTOSA;Bunheiro
MURTOSA;Monte
MURTOSA;Murtosa
MURTOSA;Torreira
OLIVEIRA DE AZEMÉIS;Carregosa
OLIVEIRA DE AZEMÉIS;Cesar
OLIVEIRA DE AZEMÉIS;Fajões
OLIVEIRA DE AZEMÉIS;Loureiro
OLIVEIRA DE AZEMÉIS;Macieira de Sarnes
OLIVEIRA DE AZEMÉIS;Ossela
OLIVEIRA DE AZEMÉIS;São Martinho da Gândara
OLIVEIRA DE AZEMÉIS;São Roque
OLIVEIRA DE AZEMÉIS;Vila de Cucujães
OLIVEIRA DO BAIRRO;Oiã
OLIVEIRA DO BAIRRO;Oliveira do Bairro
OLIVEIRA DO BAIRRO;Palhaça
OVAR;Cortegaça
OVAR;Esmoriz
OVAR;Maceda
OVAR;Válega
SÃO JOÃO DA MADEIRA;São João da Madeira
SEVER DO VOUGA;Couto de Esteves
SEVER DO VOUGA;Pessegueiro do Vouga
SEVER DO VOUGA;Rocas do Vouga
SEVER DO VOUGA;Sever do Vouga
SEVER DO VOUGA;Talhadas
VAGOS;Calvão
VAGOS;Gafanha da Boa Hora
VAGOS;Ouca
VAGOS;Sosa
VAGOS;Santo André de Vagos
VALE DE CAMBRA;Arões
VALE DE CAMBRA;Cepelos
VALE DE CAMBRA;Junqueira
VALE DE CAMBRA;Macieira de Cambra
VALE DE CAMBRA;Roge
VALE DE CAMBRA;São Pedro de Castelões
ALJUSTREL;Ervidel
ALJUSTREL;Messejana
ALJUSTREL;São João de Negrilhos
ALMODÔVAR;Aldeia dos Fernandes
ALMODÔVAR;Rosário
ALMODÔVAR;Santa Cruz
ALMODÔVAR;São Barnabé
ALVITO;Alvito
ALVITO;Vila Nova da Baronia
BARRANCOS;Barrancos
BEJA;Baleizão
BEJA;Beringel
BEJA;Cabeça Gorda
BEJA;Nossa Senhora das Neves
BEJA;Santa Clara de Louredo
BEJA;São Matias
CASTRO VERDE;Entradas
CASTRO VERDE;Santa Bárbara de Padrões
CASTRO VERDE;São Marcos da Ataboeira
CUBA;Cuba
CUBA;Faro do Alentejo
CUBA;Vila Alva
CUBA;Vila Ruiva
FERREIRA DO ALENTEJO;Figueira dos Cavaleiros
FERREIRA DO ALENTEJO;Odivelas
MÉRTOLA;Alcaria Ruiva
MÉRTOLA;Corte do Pinto
MÉRTOLA;Espírito Santo
MÉRTOLA;Mértola
MÉRTOLA;Santana de Cambas
MÉRTOLA;São João dos Caldeireiros
MOURA;Amareleja
MOURA;Póvoa de São Miguel
MOURA;Sobral da Adiça
ODEMIRA;Luzianes
ODEMIRA;Relíquias
ODEMIRA;Saboia
ODEMIRA;São Luís
ODEMIRA;São Martinho das Amoreiras
ODEMIRA;Vila Nova de Milfontes
OURIQUE;Ourique
OURIQUE;Santana da Serra
SERPA;Brinches
SERPA;Pias
SERPA;Vila Verde de Ficalho
VIDIGUEIRA;Pedrógão
VIDIGUEIRA;Selmes
VIDIGUEIRA;Vidigueira
VIDIGUEIRA;Vila de Frades
AMARES;Barreiros
AMARES;Bico
AMARES;Bouro
AMARES;Bouro
AMARES;Caires
AMARES;Carrazedo
AMARES;Dornelas
AMARES;Fiscal
AMARES;Goães
AMARES;Rendufe
BARCELOS;Abade de Neiva
BARCELOS;Aborim
BARCELOS;Adães
BARCELOS;Airó
BARCELOS;Aldreu
BARCELOS;Alvelos
BARCELOS;Arcozelo
BARCELOS;Areias
BARCELOS;Balugães
BARCELOS;Barcelinhos
BARCELOS;Barqueiros
BARCELOS;Cambeses
BARCELOS;Carapeços
BARCELOS;Carvalhal
BARCELOS;Carvalhos
BARCELOS;Cossourado
BARCELOS;Cristelo
BARCELOS;Fornelos
BARCELOS;Fragoso
BARCELOS;Galegos
BARCELOS;Galegos
BARCELOS;Gilmonde
BARCELOS;Lama
BARCELOS;Lijó
BARCELOS;Macieira de Rates
BARCELOS;Manhente
BARCELOS;Martim
BARCELOS;Moure
BARCELOS;Oliveira
BARCELOS;Palme
BARCELOS;Panque
BARCELOS;Paradela
BARCELOS;Pereira
BARCELOS;Perelhal
BARCELOS;Pousa
BARCELOS;Remelhe
BARCELOS;Rio Covo
BARCELOS;Roriz
BARCELOS;Silva
BARCELOS;Tamel
BARCELOS;Ucha
BARCELOS;Várzea
BARCELOS;Vila Seca
BRAGA;Adaúfe
BRAGA;Braga
BRAGA;Braga
BRAGA;Espinho
BRAGA;Esporões
BRAGA;Figueiredo
BRAGA;Gualtar
BRAGA;Lamas
BRAGA;Mire de Tibães
BRAGA;Padim da Graça
BRAGA;Palmeira
BRAGA;Pedralva
BRAGA;Priscos
BRAGA;Ruilhe
BRAGA;Sequeira
BRAGA;Sobreposta
BRAGA;Tadim
BRAGA;Tebosa
CABECEIRAS DE BASTO;Abadim
CABECEIRAS DE BASTO;Basto
CABECEIRAS DE BASTO;Bucos
CABECEIRAS DE BASTO;Cabeceiras de Basto
CABECEIRAS DE BASTO;Cavez
CABECEIRAS DE BASTO;Faia
CABECEIRAS DE BASTO;Pedraça
CABECEIRAS DE BASTO;Rio Douro
CELORICO DE BASTO;Agilde
CELORICO DE BASTO;Arnóia
CELORICO DE BASTO;Basto
CELORICO DE BASTO;Borba da Montanha
CELORICO DE BASTO;Codeçoso
CELORICO DE BASTO;Fervença
CELORICO DE BASTO;Moreira do Castelo
CELORICO DE BASTO;Rego
CELORICO DE BASTO;Ribas
CELORICO DE BASTO;Vale de Bouro
ESPOSENDE;Antas
ESPOSENDE;Forjães
ESPOSENDE;Gemeses
ESPOSENDE;Vila Chã
FAFE;Armil
FAFE;Arões
FAFE;Arões
FAFE;Estorãos
FAFE;Fafe
FAFE;Fornelos
FAFE;Golães
FAFE;Medelo
FAFE;Passos
FAFE;Quinchães
FAFE;Regadas
FAFE;Revelhe
FAFE;Ribeiros
FAFE;São Gens
FAFE;Silvares
FAFE;Travassós
FAFE;Vinhós
GUIMARÃES;Aldão
GUIMARÃES;Azurém
GUIMARÃES;Barco
GUIMARÃES;Brito
GUIMARÃES;Caldelas
GUIMARÃES;Candoso
GUIMARÃES;Costa
GUIMARÃES;Creixomil
GUIMARÃES;Fermentões
GUIMARÃES;Gonça
GUIMARÃES;Gondar
GUIMARÃES;Guardizela
GUIMARÃES;Infantas
VIZELA;Infias
GUIMARÃES;Longos
GUIMARÃES;Lordelo
GUIMARÃES;Mesão Frio
GUIMARÃES;Moreira de Cónegos
GUIMARÃES;Nespereira
GUIMARÃES;Pencelo
GUIMARÃES;Pinheiro
GUIMARÃES;Polvoreira
GUIMARÃES;Ponte
GUIMARÃES;Prazins
GUIMARÃES;Ronfe
GUIMARÃES;Sande
GUIMARÃES;São Torcato
GUIMARÃES;Selho
GUIMARÃES;Selho
GUIMARÃES;Serzedelo
GUIMARÃES;Silvares
GUIMARÃES;Urgezes
PÓVOA DE LANHOSO;Covelas
PÓVOA DE LANHOSO;Ferreiros
PÓVOA DE LANHOSO;Galegos
PÓVOA DE LANHOSO;Garfe
PÓVOA DE LANHOSO;Geraz do Minho
PÓVOA DE LANHOSO;Lanhoso
PÓVOA DE LANHOSO;Monsul
PÓVOA DE LANHOSO;Póvoa de Lanhoso
PÓVOA DE LANHOSO;Rendufinho
PÓVOA DE LANHOSO;Santo Emilião
PÓVOA DE LANHOSO;São João de Rei
PÓVOA DE LANHOSO;Serzedelo
PÓVOA DE LANHOSO;Sobradelo da Goma
PÓVOA DE LANHOSO;Taíde
PÓVOA DE LANHOSO;Travassos
PÓVOA DE LANHOSO;Vilela
TERRAS DE BOURO;Balança
TERRAS DE BOURO;Campo do Gerês
TERRAS DE BOURO;Carvalheira
TERRAS DE BOURO;Covide
TERRAS DE BOURO;Gondoriz
TERRAS DE BOURO;Moimenta
TERRAS DE BOURO;Ribeira
TERRAS DE BOURO;Rio Caldo
TERRAS DE BOURO;Souto
TERRAS DE BOURO;Valdosende
TERRAS DE BOURO;Vilar da Veiga
VIEIRA DO MINHO;Cantelães
VIEIRA DO MINHO;Eira Vedra
VIEIRA DO MINHO;Guilhofrei
VIEIRA DO MINHO;Louredo
VIEIRA DO MINHO;Mosteiro
VIEIRA DO MINHO;Parada do Bouro
VIEIRA DO MINHO;Pinheiro
VIEIRA DO MINHO;Rossas
VIEIRA DO MINHO;Salamonde
VIEIRA DO MINHO;Tabuaças
VIEIRA DO MINHO;Vieira do Minho
VILA NOVA DE FAMALICÃO;Bairro
VILA NOVA DE FAMALICÃO;Brufe
VILA NOVA DE FAMALICÃO;Castelões
VILA NOVA DE FAMALICÃO;Cruz
VILA NOVA DE FAMALICÃO;Delães
VILA NOVA DE FAMALICÃO;Fradelos
VILA NOVA DE FAMALICÃO;Gavião
VILA NOVA DE FAMALICÃO;Joane
VILA NOVA DE FAMALICÃO;Landim
VILA NOVA DE FAMALICÃO;Louro
VILA NOVA DE FAMALICÃO;Lousado
VILA NOVA DE FAMALICÃO;Mogege
VILA NOVA DE FAMALICÃO;Nine
VILA NOVA DE FAMALICÃO;Oliveira
VILA NOVA DE FAMALICÃO;Oliveira
VILA NOVA DE FAMALICÃO;Pedome
VILA NOVA DE FAMALICÃO;Pousada de Saramagos
VILA NOVA DE FAMALICÃO;Requião
VILA NOVA DE FAMALICÃO;Riba de Ave
VILA NOVA DE FAMALICÃO;Ribeirão
VILA NOVA DE FAMALICÃO;Vale
VILA NOVA DE FAMALICÃO;Vermoim
VILA NOVA DE FAMALICÃO;Vilarinho das Cambas
VILA VERDE;Atiães
VILA VERDE;Cabanelas
VILA VERDE;Cervães
VILA VERDE;Coucieiro
VILA VERDE;Dossãos
VILA VERDE;Freiriz
VILA VERDE;Geme
VILA VERDE;Lage
VILA VERDE;Lanhas
VILA VERDE;Loureira
VILA VERDE;Moure
VILA VERDE;Oleiros
VILA VERDE;Parada de Gatim
VILA VERDE;Pico
VILA VERDE;Ponte
VILA VERDE;Prado
VILA VERDE;Sabariz
VILA VERDE;Soutelo
VILA VERDE;Turiz
VILA VERDE;Valdreu
VILA VERDE;Vila de Prado
ALFÂNDEGA DA FÉ;Alfândega da Fé
ALFÂNDEGA DA FÉ;Cerejais
ALFÂNDEGA DA FÉ;Sambade
ALFÂNDEGA DA FÉ;Vilar Chão
ALFÂNDEGA DA FÉ;Vilarelhos
ALFÂNDEGA DA FÉ;Vilares de Vilariça
BRAGANÇA;Alfaião
BRAGANÇA;Babe
BRAGANÇA;Baçal
BRAGANÇA;Carragosa
BRAGANÇA;Castro de Avelãs
BRAGANÇA;Coelhoso
BRAGANÇA;Donai
BRAGANÇA;Espinhosela
BRAGANÇA;França
BRAGANÇA;Gimonde
BRAGANÇA;Gondesende
BRAGANÇA;Gostei
BRAGANÇA;Grijó de Parada
BRAGANÇA;Macedo do Mato
BRAGANÇA;Mós
BRAGANÇA;Nogueira
BRAGANÇA;Outeiro
BRAGANÇA;Parâmio
BRAGANÇA;Pinela
BRAGANÇA;Quintanilha
BRAGANÇA;Quintela de Lampaças
BRAGANÇA;Rabal
BRAGANÇA;Rebordãos
BRAGANÇA;Salsas
BRAGANÇA;Samil
BRAGANÇA;Santa Comba de Rossas
BRAGANÇA;São Pedro de Sarracenos
BRAGANÇA;Sendas
BRAGANÇA;Serapicos
BRAGANÇA;Sortes
BRAGANÇA;Zoio
CARRAZEDA DE ANSIÃES;Carrazeda de Ansiães
CARRAZEDA DE ANSIÃES;Fonte Longa
CARRAZEDA DE ANSIÃES;Linhares
CARRAZEDA DE ANSIÃES;Marzagão
CARRAZEDA DE ANSIÃES;Parambos
CARRAZEDA DE ANSIÃES;Pereiros
CARRAZEDA DE ANSIÃES;Pinhal do Norte
CARRAZEDA DE ANSIÃES;Pombal
CARRAZEDA DE ANSIÃES;Seixo de Ansiães
CARRAZEDA DE ANSIÃES;Vilarinho da Castanheira
FREIXO DE ESPADA À CINTA;Ligares
FREIXO DE ESPADA À CINTA;Poiares
MACEDO DE CAVALEIROS;Amendoeira
MACEDO DE CAVALEIROS;Arcas
MACEDO DE CAVALEIROS;Carrapatas
MACEDO DE CAVALEIROS;Chacim
MACEDO DE CAVALEIROS;Cortiços
MACEDO DE CAVALEIROS;Corujas
MACEDO DE CAVALEIROS;Ferreira
MACEDO DE CAVALEIROS;Grijó
MACEDO DE CAVALEIROS;Lagoa
MACEDO DE CAVALEIROS;Lamalonga
MACEDO DE CAVALEIROS;Lamas
MACEDO DE CAVALEIROS;Lombo
MACEDO DE CAVALEIROS;Macedo de Cavaleiros
MACEDO DE CAVALEIROS;Morais
MACEDO DE CAVALEIROS;Olmos
MACEDO DE CAVALEIROS;Peredo
MACEDO DE CAVALEIROS;Salselas
MACEDO DE CAVALEIROS;Sezulfe
MACEDO DE CAVALEIROS;Talhas
MACEDO DE CAVALEIROS;Vale Benfeito
MACEDO DE CAVALEIROS;Vale da Porca
MACEDO DE CAVALEIROS;Vale de Prados
MACEDO DE CAVALEIROS;Vilarinho de Agrochão
MACEDO DE CAVALEIROS;Vinhas
MIRANDA DO DOURO;Duas Igrejas
MIRANDA DO DOURO;Genísio
MIRANDA DO DOURO;Malhadas
MIRANDA DO DOURO;Miranda do Douro
MIRANDA DO DOURO;Palaçoulo
MIRANDA DO DOURO;Picote
MIRANDA DO DOURO;Póvoa
MIRANDA DO DOURO;São Martinho de Angueira
MIRANDA DO DOURO;Vila Chã de Braciosa
MIRANDELA;Abambres
MIRANDELA;Abreiro
MIRANDELA;Aguieiras
MIRANDELA;Alvites
MIRANDELA;Bouça
MIRANDELA;Cabanelas
MIRANDELA;Caravelas
MIRANDELA;Carvalhais
MIRANDELA;Cedães
MIRANDELA;Cobro
MIRANDELA;Fradizela
MIRANDELA;Frechas
MIRANDELA;Lamas de Orelhão
MIRANDELA;Mascarenhas
MIRANDELA;Mirandela
MIRANDELA;Múrias
MIRANDELA;Passos
MIRANDELA;São Pedro Velho
MIRANDELA;São Salvador
MIRANDELA;Suçães
MIRANDELA;Torre de Dona Chama
MIRANDELA;Vale de Asnes
MIRANDELA;Vale de Gouvinhas
MIRANDELA;Vale de Salgueiro
MIRANDELA;Vale de Telhas
MOGADOURO;Azinhoso
MOGADOURO;Bemposta
MOGADOURO;Bruçó
MOGADOURO;Brunhoso
MOGADOURO;Castelo Branco
MOGADOURO;Castro Vicente
MOGADOURO;Meirinhos
MOGADOURO;Paradela
MOGADOURO;Penas Roias
MOGADOURO;Peredo da Bemposta
MOGADOURO;Saldanha
MOGADOURO;São Martinho do Peso
MOGADOURO;Tó
MOGADOURO;Travanca
MOGADOURO;Urrós
MOGADOURO;Vale da Madre
MOGADOURO;Vila de Ala
TORRE DE MONCORVO;Açoreira
TORRE DE MONCORVO;Cabeça Boa
TORRE DE MONCORVO;Carviçais
TORRE DE MONCORVO;Castedo
TORRE DE MONCORVO;Horta da Vilariça
TORRE DE MONCORVO;Larinho
TORRE DE MONCORVO;Lousa
TORRE DE MONCORVO;Mós
TORRE DE MONCORVO;Torre de Moncorvo
VILA FLOR;Benlhevai
VILA FLOR;Freixiel
VILA FLOR;Roios
VILA FLOR;Samões
VILA FLOR;Sampaio
VILA FLOR;Santa Comba de Vilariça
VILA FLOR;Seixo de Manhoses
VILA FLOR;Trindade
VILA FLOR;Vale Frechoso
VIMIOSO;Argozelo
VIMIOSO;Carção
VIMIOSO;Matela
VIMIOSO;Pinelo
VIMIOSO;Santulhão
VIMIOSO;Vilar Seco
VIMIOSO;Vimioso
VINHAIS;Agrochão
VINHAIS;Candedo
VINHAIS;Celas
VINHAIS;Edral
VINHAIS;Edrosa
VINHAIS;Ervedosa
VINHAIS;Paçó
VINHAIS;Penhas Juntas
VINHAIS;Rebordelo
VINHAIS;Santalha
VINHAIS;Tuizelo
VINHAIS;Vale das Fontes
VINHAIS;Vila Boa de Ousilhão
VINHAIS;Vila Verde
VINHAIS;Vilar de Ossos
VINHAIS;Vilar de Peregrinos
VINHAIS;Vilar Seco de Lomba
VINHAIS;Vinhais
BELMONTE;Caria
BELMONTE;Inguias
BELMONTE;Maçainhas
CASTELO BRANCO;Alcains
CASTELO BRANCO;Almaceda
CASTELO BRANCO;Benquerenças
CASTELO BRANCO;Castelo Branco
CASTELO BRANCO;Lardosa
CASTELO BRANCO;Louriçal do Campo
CASTELO BRANCO;Malpica do Tejo
CASTELO BRANCO;Monforte da Beira
CASTELO BRANCO;Salgueiro do Campo
CASTELO BRANCO;Santo André das Tojeiras
CASTELO BRANCO;São Vicente da Beira
CASTELO BRANCO;Sarzedas
CASTELO BRANCO;Tinalhas
COVILHÃ;Aldeia de São Francisco de Assis
COVILHÃ;Boidobra
COVILHÃ;Cortes do Meio
COVILHÃ;Dominguizo
COVILHÃ;Erada
COVILHÃ;Ferro
COVILHÃ;Orjais
COVILHÃ;Paul
COVILHÃ;Peraboa
COVILHÃ;São Jorge da Beira
COVILHÃ;Sobral de São Miguel
COVILHÃ;Tortosendo
COVILHÃ;Unhais da Serra
COVILHÃ;Verdelhos
FUNDÃO;Alcaide
FUNDÃO;Alcaria
FUNDÃO;Alcongosta
FUNDÃO;Alpedrinha
FUNDÃO;Barroca
FUNDÃO;Bogas de Cima
FUNDÃO;Capinha
FUNDÃO;Castelejo
FUNDÃO;Castelo Novo
FUNDÃO;Enxames
FUNDÃO;Fatela
FUNDÃO;Lavacolhos
FUNDÃO;Orca
FUNDÃO;Pêro Viseu
FUNDÃO;Silvares
FUNDÃO;Soalheira
FUNDÃO;Souto da Casa
FUNDÃO;Telhado
IDANHA-A-NOVA;Aldeia de Santa Margarida
IDANHA-A-NOVA;Ladoeiro
IDANHA-A-NOVA;Medelim
IDANHA-A-NOVA;Oledo
IDANHA-A-NOVA;Penha Garcia
IDANHA-A-NOVA;Proença-a-Velha
IDANHA-A-NOVA;Rosmaninhal
IDANHA-A-NOVA;São Miguel de Acha
IDANHA-A-NOVA;Toulões
OLEIROS;Álvaro
OLEIROS;Cambas
OLEIROS;Isna
OLEIROS;Madeirã
OLEIROS;Mosteiro
OLEIROS;Orvalho
OLEIROS;Sarnadas de São Simão
OLEIROS;Sobral
PENAMACOR;Aranhas
PENAMACOR;Benquerença
PENAMACOR;Meimão
PENAMACOR;Meimoa
PENAMACOR;Penamacor
PENAMACOR;Salvador
PENAMACOR;Vale da Senhora da Póvoa
PROENÇA-A-NOVA;Montes da Senhora
PROENÇA-A-NOVA;São Pedro do Esteval
SERTÃ;Cabeçudo
SERTÃ;Carvalhal
SERTÃ;Castelo
SERTÃ;Pedrógão Pequeno
SERTÃ;Sertã
SERTÃ;Troviscal
SERTÃ;Várzea dos Cavaleiros
VILA DE REI;Fundada
VILA DE REI;São João do Peso
VILA DE REI;Vila de Rei
VILA VELHA DE RÓDÃO;Fratel
VILA VELHA DE RÓDÃO;Perais
VILA VELHA DE RÓDÃO;Sarnadas de Ródão
VILA VELHA DE RÓDÃO;Vila Velha de Ródão
ARGANIL;Arganil
ARGANIL;Benfeita
ARGANIL;Celavisa
ARGANIL;Folques
ARGANIL;Piódão
ARGANIL;Pomares
ARGANIL;Pombeiro da Beira
ARGANIL;São Martinho da Cortiça
ARGANIL;Sarzedo
ARGANIL;Secarias
CANTANHEDE;Ançã
CANTANHEDE;Cadima
CANTANHEDE;Cordinhã
CANTANHEDE;Febres
CANTANHEDE;Murtede
CANTANHEDE;Ourentã
CANTANHEDE;Sanguinheira
CANTANHEDE;São Caetano
CANTANHEDE;Tocha
COIMBRA;Almalaguês
COIMBRA;Brasfemes
COIMBRA;Ceira
COIMBRA;Cernache
COIMBRA;Santo António dos Olivais
COIMBRA;São João do Campo
COIMBRA;São Silvestre
COIMBRA;Torres do Mondego
CONDEIXA-A-NOVA;Anobra
CONDEIXA-A-NOVA;Ega
CONDEIXA-A-NOVA;Furadouro
CONDEIXA-A-NOVA;Zambujal
FIGUEIRA DA FOZ;Alqueidão
FIGUEIRA DA FOZ;Bom Sucesso
FIGUEIRA DA FOZ;Maiorca
FIGUEIRA DA FOZ;Marinha das Ondas
FIGUEIRA DA FOZ;Moinhos da Gândara
FIGUEIRA DA FOZ;São Pedro
FIGUEIRA DA FOZ;Tavarede
FIGUEIRA DA FOZ;Vila Verde
GÓIS;Alvares
GÓIS;Góis
GÓIS;Vila Nova do Ceira
LOUSÃ;Serpins
MIRA;Carapelhos
MIRA;Mira
MIRA;Praia de Mira
MIRA;Seixo
MIRANDA DO CORVO;Lamas
MIRANDA DO CORVO;Miranda do Corvo
MIRANDA DO CORVO;Vila Nova
MONTEMOR-O-VELHO;Arazede
MONTEMOR-O-VELHO;Carapinheira
MONTEMOR-O-VELHO;Ereira
MONTEMOR-O-VELHO;Liceia
MONTEMOR-O-VELHO;Meãs do Campo
MONTEMOR-O-VELHO;Pereira
MONTEMOR-O-VELHO;Santo Varão
MONTEMOR-O-VELHO;Seixo de Gatões
MONTEMOR-O-VELHO;Tentúgal
OLIVEIRA DO HOSPITAL;Aldeia das Dez
OLIVEIRA DO HOSPITAL;Alvoco das Várzeas
OLIVEIRA DO HOSPITAL;Avô
OLIVEIRA DO HOSPITAL;Bobadela
OLIVEIRA DO HOSPITAL;Lagares
OLIVEIRA DO HOSPITAL;Lourosa
OLIVEIRA DO HOSPITAL;Meruge
OLIVEIRA DO HOSPITAL;Nogueira do Cravo
OLIVEIRA DO HOSPITAL;São Gião
OLIVEIRA DO HOSPITAL;Seixo da Beira
OLIVEIRA DO HOSPITAL;Travanca de Lagos
PAMPILHOSA DA SERRA;Cabril
PAMPILHOSA DA SERRA;Dornelas do Zêzere
PAMPILHOSA DA SERRA;Janeiro de Baixo
PAMPILHOSA DA SERRA;Pampilhosa da Serra
PAMPILHOSA DA SERRA;Pessegueiro
PAMPILHOSA DA SERRA;Unhais-o-Velho
PENACOVA;Carvalho
PENACOVA;Figueira de Lorvão
PENACOVA;Lorvão
PENACOVA;Penacova
PENACOVA;Sazes do Lorvão
PENELA;Cumeeira
PENELA;Espinhal
PENELA;Podentes
SOURE;Alfarelos
SOURE;Figueiró do Campo
SOURE;Granja do Ulmeiro
SOURE;Samuel
SOURE;Soure
SOURE;Tapéus
SOURE;Vila Nova de Anços
SOURE;Vinha da Rainha
TÁBUA;Candosa
TÁBUA;Carapinha
TÁBUA;Midões
TÁBUA;Mouronho
TÁBUA;Póvoa de Midões
TÁBUA;São João da Boa Vista
TÁBUA;Tábua
VILA NOVA DE POIARES;Arrifana
VILA NOVA DE POIARES;Lavegadas
VILA NOVA DE POIARES;Poiares
VILA NOVA DE POIARES;São Miguel de Poiares
ALANDROAL;Capelins
ALANDROAL;Santiago Maior
ALANDROAL;Terena
ARRAIOLOS;Arraiolos
ARRAIOLOS;Igrejinha
ARRAIOLOS;Vimieiro
BORBA;Borba
BORBA;Borba
BORBA;Orada
BORBA;Rio de Moinhos
ESTREMOZ;Arcos
ESTREMOZ;Évora Monte
ESTREMOZ;Glória
ESTREMOZ;São Domingos de Ana Loura
ESTREMOZ;Veiros
ÉVORA;Canaviais
ÉVORA;Nossa Senhora da Graça do Divor
ÉVORA;Nossa Senhora de Machede
ÉVORA;São Bento do Mato
ÉVORA;São Miguel de Machede
ÉVORA;Torre de Coelheiros
MONTEMOR-O-NOVO;Cabrela
MONTEMOR-O-NOVO;Ciborro
MONTEMOR-O-NOVO;Foros de Vale de Figueira
MONTEMOR-O-NOVO;Santiago do Escoural
MONTEMOR-O-NOVO;São Cristóvão
MORA;Brotas
MORA;Cabeção
MORA;Mora
MORA;Pavia
MOURÃO;Granja
MOURÃO;Luz
MOURÃO;Mourão
PORTEL;Monte do Trigo
PORTEL;Portel
PORTEL;Santana
PORTEL;Vera Cruz
REDONDO;Montoito
REDONDO;Redondo
REGUENGOS DE MONSARAZ;Corval
REGUENGOS DE MONSARAZ;Monsaraz
REGUENGOS DE MONSARAZ;Reguengos de Monsaraz
VENDAS NOVAS;Landeira
VENDAS NOVAS;Vendas Novas
VIANA DO ALENTEJO;Aguiar
VIANA DO ALENTEJO;Alcáçovas
VIANA DO ALENTEJO;Viana do Alentejo
VILA VIÇOSA;Bencatel
VILA VIÇOSA;Ciladas
VILA VIÇOSA;Pardais
ALBUFEIRA;Ferreiras
ALBUFEIRA;Guia
ALBUFEIRA;Paderne
ALCOUTIM;Giões
ALCOUTIM;Martim Longo
ALCOUTIM;Vaqueiros
ALJEZUR;Aljezur
ALJEZUR;Bordeira
ALJEZUR;Odeceixe
ALJEZUR;Rogil
CASTRO MARIM;Altura
CASTRO MARIM;Azinhal
CASTRO MARIM;Castro Marim
CASTRO MARIM;Odeleite
FARO;Montenegro
FARO;Santa Bárbara de Nexe
LAGOS;Luz
LAGOS;Odiáxere
LOULÉ;Almancil
LOULÉ;Alte
LOULÉ;Ameixial
LOULÉ;Boliqueime
LOULÉ;Loulé
LOULÉ;Loulé
LOULÉ;Quarteira
LOULÉ;Salir
MONCHIQUE;Alferce
MONCHIQUE;Marmelete
MONCHIQUE;Monchique
OLHÃO;Olhão
OLHÃO;Pechão
OLHÃO;Quelfes
PORTIMÃO;Alvor
PORTIMÃO;Mexilhoeira Grande
PORTIMÃO;Portimão
SÃO BRÁS DE ALPORTEL;São Brás de Alportel
SILVES;Armação de Pêra
SILVES;São Bartolomeu de Messines
SILVES;São Marcos da Serra
SILVES;Silves
TAVIRA;Cachopo
TAVIRA;Santa Catarina da Fonte do Bispo
TAVIRA;Santa Luzia
VILA DO BISPO;Barão de São Miguel
VILA DO BISPO;Budens
VILA DO BISPO;Sagres
VILA REAL DE SANTO ANTÓNIO;Monte Gordo
VILA REAL DE SANTO ANTÓNIO;Vila Nova de Cacela
VILA REAL DE SANTO ANTÓNIO;Vila Real de Santo António
AGUIAR DA BEIRA;Carapito
AGUIAR DA BEIRA;Cortiçada
AGUIAR DA BEIRA;Dornelas
AGUIAR DA BEIRA;Eirado
AGUIAR DA BEIRA;Forninhos
AGUIAR DA BEIRA;Pena Verde
AGUIAR DA BEIRA;Pinheiro
ALMEIDA;Almeida
ALMEIDA;Castelo Bom
ALMEIDA;Freineda
ALMEIDA;Freixo
ALMEIDA;Malhada Sorda
ALMEIDA;Nave de Haver
ALMEIDA;São Pedro de Rio Seco
ALMEIDA;Vale da Mula
ALMEIDA;Vilar Formoso
CELORICO DA BEIRA;Baraçal
CELORICO DA BEIRA;Carrapichana
CELORICO DA BEIRA;Casas do Soeiro
CELORICO DA BEIRA;Forno Telheiro
CELORICO DA BEIRA;Lajeosa do Mondego
CELORICO DA BEIRA;Linhares
CELORICO DA BEIRA;Maçal do Chão
CELORICO DA BEIRA;Mesquitela
CELORICO DA BEIRA;Minhocal
CELORICO DA BEIRA;Prados
CELORICO DA BEIRA;Ratoeira
CELORICO DA BEIRA;Vale de Azares
FIGUEIRA DE CASTELO RODRIGO;Castelo Rodrigo
FIGUEIRA DE CASTELO RODRIGO;Escalhão
FIGUEIRA DE CASTELO RODRIGO;Figueira de Castelo Rodrigo
FIGUEIRA DE CASTELO RODRIGO;Mata de Lobos
FIGUEIRA DE CASTELO RODRIGO;Vermiosa
FORNOS DE ALGODRES;Algodres
FORNOS DE ALGODRES;Casal Vasco
FORNOS DE ALGODRES;Figueiró da Granja
FORNOS DE ALGODRES;Fornos de Algodres
FORNOS DE ALGODRES;Infias
FORNOS DE ALGODRES;Maceira
FORNOS DE ALGODRES;Matança
FORNOS DE ALGODRES;Muxagata
FORNOS DE ALGODRES;Queiriz
GOUVEIA;Arcozelo
GOUVEIA;Cativelos
GOUVEIA;Folgosinho
GOUVEIA;Nespereira
GOUVEIA;Paços da Serra
GOUVEIA;Ribamondego
GOUVEIA;São Paio
GOUVEIA;Vila Cortês da Serra
GOUVEIA;Vila Franca da Serra
GOUVEIA;Vila Nova de Tazem
GUARDA;Aldeia do Bispo
GUARDA;Aldeia Viçosa
GUARDA;Alvendre
GUARDA;Arrifana
GUARDA;Avelãs da Ribeira
GUARDA;Benespera
GUARDA;Casal de Cinza
GUARDA;Castanheira
GUARDA;Cavadoude
GUARDA;Codesseiro
GUARDA;Faia
GUARDA;Famalicão
GUARDA;Fernão Joanes
GUARDA;Gonçalo Bocas
GUARDA;João Antão
GUARDA;Maçainhas
GUARDA;Marmeleiro
GUARDA;Meios
GUARDA;Panóias de Cima
GUARDA;Pega
GUARDA;Pêra do Moço
GUARDA;Porto da Carne
GUARDA;Ramela
GUARDA;Santana da Azinha
GUARDA;Sobral da Serra
MANTEIGAS;Vale de Amoreira
GUARDA;Vale de Estrela
GUARDA;Valhelhas
GUARDA;Vela
GUARDA;Videmonte
GUARDA;Vila Cortês do Mondego
GUARDA;Vila Fernando
GUARDA;Vila Franca do Deão
GUARDA;Vila Garcia
MANTEIGAS;Manteigas
MANTEIGAS;Manteigas
MANTEIGAS;Sameiro
MEDA;Aveloso
MEDA;Barreira
MEDA;Coriscada
MEDA;Longroiva
MEDA;Marialva
MEDA;Poço do Canto
MEDA;Rabaçal
MEDA;Ranhados
PINHEL;Ervedosa
PINHEL;Freixedas
PINHEL;Lamegal
PINHEL;Lameiras
PINHEL;Manigoto
PINHEL;Pala
PINHEL;Pinhel
PINHEL;Pínzio
PINHEL;Souro Pires
PINHEL;Vascoveiro
SABUGAL;Águas Belas
SABUGAL;Aldeia do Bispo
SABUGAL;Aldeia da Ponte
SABUGAL;Aldeia Velha
SABUGAL;Alfaiates
SABUGAL;Baraçal
SABUGAL;Bendada
SABUGAL;Bismula
SABUGAL;Casteleiro
SABUGAL;Cerdeira
SABUGAL;Fóios
SABUGAL;Malcata
SABUGAL;Nave
SABUGAL;Quadrazais
SABUGAL;Quinta de São Bartolomeu
SABUGAL;Rapoula do Côa
SABUGAL;Rebolosa
SABUGAL;Rendo
SABUGAL;Sortelha
SABUGAL;Souto
SABUGAL;Vale de Espinho
SABUGAL;Vila Boa
SABUGAL;Vila do Touro
SEIA;Alvoco da Serra
SEIA;Girabolhos
SEIA;Loriga
SEIA;Paranhos
SEIA;Pinhanços
SEIA;Sabugueiro
SEIA;Sandomil
SEIA;Santa Comba
SEIA;Santiago
SEIA;Sazes da Beira
SEIA;Teixeira
SEIA;Travancinha
SEIA;Valezim
SEIA;Vila Cova à Coelheira
TRANCOSO;Aldeia Nova
TRANCOSO;Castanheira
TRANCOSO;Cogula
TRANCOSO;Cótimos
TRANCOSO;Fiães
TRANCOSO;Granja
TRANCOSO;Guilheiro
TRANCOSO;Moimentinha
TRANCOSO;Moreira de Rei
TRANCOSO;Palhais
TRANCOSO;Póvoa do Concelho
TRANCOSO;Reboleiro
TRANCOSO;Rio de Mel
TRANCOSO;Tamanhos
TRANCOSO;Valdujo
VILA NOVA DE FOZ CÔA;Almendra
VILA NOVA DE FOZ CÔA;Castelo Melhor
VILA NOVA DE FOZ CÔA;Cedovim
VILA NOVA DE FOZ CÔA;Chãs
VILA NOVA DE FOZ CÔA;Custóias
VILA NOVA DE FOZ CÔA;Horta
VILA NOVA DE FOZ CÔA;Muxagata
VILA NOVA DE FOZ CÔA;Numão
VILA NOVA DE FOZ CÔA;Santa Comba
VILA NOVA DE FOZ CÔA;Sebadelhe
VILA NOVA DE FOZ CÔA;Seixas
VILA NOVA DE FOZ CÔA;Touça
ALCOBAÇA;Alfeizerão
ALCOBAÇA;Bárrio
ALCOBAÇA;Benedita
ALCOBAÇA;Cela
ALCOBAÇA;Évora de Alcobaça
ALCOBAÇA;Maiorga
MARINHA GRANDE;Moita
ALCOBAÇA;São Martinho do Porto
ALCOBAÇA;Turquel
ALCOBAÇA;Vimeiro
ALVAIÁZERE;Almoster
ALVAIÁZERE;Maçãs de Dona Maria
ALVAIÁZERE;Pelmá
ANSIÃO;Alvorge
ANSIÃO;Avelar
ANSIÃO;Chão de Couce
ANSIÃO;Pousaflores
ANSIÃO;Santiago da Guarda
BATALHA;Batalha
BATALHA;Golpilheira
BATALHA;Reguengo do Fetal
BATALHA;São Mamede
BOMBARRAL;Carvalhal
BOMBARRAL;Pó
BOMBARRAL;Roliça
CALDAS DA RAINHA;A dos Francos
CALDAS DA RAINHA;Alvorninha
CALDAS DA RAINHA;Carvalhal Benfeito
CALDAS DA RAINHA;Foz do Arelho
CALDAS DA RAINHA;Landal
CALDAS DA RAINHA;Nadadouro
CALDAS DA RAINHA;Salir de Matos
CALDAS DA RAINHA;Santa Catarina
CALDAS DA RAINHA;Vidais
FIGUEIRÓ DOS VINHOS;Aguda
FIGUEIRÓ DOS VINHOS;Arega
FIGUEIRÓ DOS VINHOS;Campelo
LEIRIA;Amor
LEIRIA;Arrabal
LEIRIA;Bajouca
LEIRIA;Bidoeira de Cima
LEIRIA;Caranguejeira
LEIRIA;Coimbrão
LEIRIA;Maceira
LEIRIA;Milagres
LEIRIA;Regueira de Pontes
MARINHA GRANDE;Marinha Grande
MARINHA GRANDE;Vieira de Leiria
NAZARÉ;Famalicão
NAZARÉ;Nazaré
NAZARÉ;Valado dos Frades
ÓBIDOS;A dos Negros
ÓBIDOS;Amoreira
ÓBIDOS;Gaeiras
ÓBIDOS;Olho Marinho
ÓBIDOS;Usseira
ÓBIDOS;Vau
PEDRÓGÃO GRANDE;Graça
PEDRÓGÃO GRANDE;Pedrógão Grande
PEDRÓGÃO GRANDE;Vila Facaia
PENICHE;Atouguia da Baleia
PENICHE;Ferrel
PENICHE;Serra d El-Rei
POMBAL;Abiul
POMBAL;Almagreira
POMBAL;Carnide
POMBAL;Carriço
POMBAL;Louriçal
POMBAL;Meirinhas
POMBAL;Pelariga
POMBAL;Pombal
POMBAL;Redinha
POMBAL;Vermoil
POMBAL;Vila Cã
PORTO DE MÓS;Alqueidão da Serra
PORTO DE MÓS;Calvaria de Cima
PORTO DE MÓS;Juncal
PORTO DE MÓS;Mira de Aire
PORTO DE MÓS;Pedreiras
PORTO DE MÓS;São Bento
PORTO DE MÓS;Serro Ventoso
ALENQUER;Carnota
ALENQUER;Meca
ALENQUER;Olhalvo
ALENQUER;Ota
ALENQUER;Ventosa
ALENQUER;Vila Verde dos Francos
ARRUDA DOS VINHOS;Arranhó
ARRUDA DOS VINHOS;Arruda dos Vinhos
ARRUDA DOS VINHOS;Cardosas
ARRUDA DOS VINHOS;Santiago dos Velhos
AZAMBUJA;Alcoentre
AZAMBUJA;Aveiras de Baixo
AZAMBUJA;Aveiras de Cima
AZAMBUJA;Azambuja
AZAMBUJA;Vale do Paraíso
AZAMBUJA;Vila Nova da Rainha
CADAVAL;Alguber
CADAVAL;Peral
CADAVAL;Vermelha
CADAVAL;Vilar
CASCAIS;Alcabideche
CASCAIS;São Domingos de Rana
LISBOA;Ajuda
LISBOA;Alcântara
LISBOA;Beato
LISBOA;Benfica
LISBOA;Campolide
LISBOA;Carnide
LISBOA;Lumiar
LISBOA;Marvila
LISBOA;Olivais
LISBOA;São Domingos de Benfica
LOURES;Bucelas
LOURES;Fanhões
LOURES;Loures
LOURES;Lousa
ODIVELAS;Odivelas
LOURINHÃ;Moita dos Ferreiros
LOURINHÃ;Reguengo Grande
LOURINHÃ;Ribamar
LOURINHÃ;Santa Bárbara
LOURINHÃ;Vimeiro
MAFRA;Carvoeira
MAFRA;Encarnação
MAFRA;Ericeira
MAFRA;Mafra
MAFRA;Milharado
MAFRA;Santo Isidoro
OEIRAS;Barcarena
OEIRAS;Porto Salvo
SINTRA;Algueirão-Mem Martins
SINTRA;Casal de Cambra
SINTRA;Colares
SINTRA;Rio de Mouro
SOBRAL DE MONTE AGRAÇO;Santo Quintino
SOBRAL DE MONTE AGRAÇO;Sapataria
SOBRAL DE MONTE AGRAÇO;Sobral de Monte Agraço
TORRES VEDRAS;Freiria
TORRES VEDRAS;Ponte do Rol
TORRES VEDRAS;Ramalhal
TORRES VEDRAS;São Pedro da Cadeira
TORRES VEDRAS;Silveira
TORRES VEDRAS;Turcifal
TORRES VEDRAS;Ventosa
VILA FRANCA DE XIRA;Vialonga
VILA FRANCA DE XIRA;Vila Franca de Xira
ALTER DO CHÃO;Alter do Chão
ALTER DO CHÃO;Chancelaria
ALTER DO CHÃO;Cunheira
ALTER DO CHÃO;Seda
ARRONCHES;Assunção
ARRONCHES;Esperança
ARRONCHES;Mosteiros
AVIS;Aldeia Velha
AVIS;Avis
AVIS;Ervedal
AVIS;Figueira
CAMPO MAIOR;Nossa Senhora da Expectação
CAMPO MAIOR;Nossa Senhora da Graça dos Degolados
CAMPO MAIOR;São João Baptista
CASTELO DE VIDE;Nossa Senhora da Graça de Póvoa
CASTELO DE VIDE;Santa Maria da Devesa
CASTELO DE VIDE;Santiago Maior
CASTELO DE VIDE;São João Baptista
CRATO;Aldeia da Mata
CRATO;Gáfete
CRATO;Monte da Pedra
ELVAS;Santa Eulália
ELVAS;São Brás
ELVAS;São Vicente
FRONTEIRA;Cabeço de Vide
FRONTEIRA;Fronteira
FRONTEIRA;São Saturnino
GAVIÃO;Belver
GAVIÃO;Comenda
GAVIÃO;Margem
MARVÃO;Beirã
MARVÃO;Santa Maria de Marvão
MARVÃO;Santo António das Areias
MARVÃO;São Salvador da Aramenha
MONFORTE;Assumar
MONFORTE;Monforte
MONFORTE;Santo Aleixo
MONFORTE;Vaiamonte
NISA;Alpalhão
NISA;Montalvão
NISA;Santana
NISA;São Matias
NISA;Tolosa
PONTE DE SOR;Foros de Arrão
PONTE DE SOR;Galveias
PONTE DE SOR;Longomel
PONTE DE SOR;Montargil
PORTALEGRE;Alagoa
PORTALEGRE;Alegrete
PORTALEGRE;Fortios
PORTALEGRE;Urra
SOUSEL;Cano
SOUSEL;Casa Branca
SOUSEL;Santo Amaro
SOUSEL;Sousel
AMARANTE;Ansiães
AMARANTE;Candemil
AMARANTE;Fregim
AMARANTE;Fridão
AMARANTE;Gondar
AMARANTE;Gouveia
AMARANTE;Jazente
AMARANTE;Lomba
AMARANTE;Louredo
AMARANTE;Lufrei
AMARANTE;Mancelos
AMARANTE;Padronelo
AMARANTE;Rebordelo
AMARANTE;Salvador do Monte
AMARANTE;Telões
AMARANTE;Travanca
AMARANTE;Vila Caiz
AMARANTE;Vila Chã do Marão
BAIÃO;Frende
BAIÃO;Gestaçô
BAIÃO;Gove
BAIÃO;Grilo
BAIÃO;Loivos do Monte
BAIÃO;Santa Marinha do Zêzere
BAIÃO;Valadares
BAIÃO;Viariz
FELGUEIRAS;Aião
FELGUEIRAS;Airães
FELGUEIRAS;Friande
FELGUEIRAS;Idães
FELGUEIRAS;Jugueiros
FELGUEIRAS;Penacova
FELGUEIRAS;Pinheiro
FELGUEIRAS;Pombeiro de Ribavizela
FELGUEIRAS;Refontoura
FELGUEIRAS;Regilde
FELGUEIRAS;Revinhade
FELGUEIRAS;Sendim
VIZELA;Vizela
GONDOMAR;Baguim do Monte
GONDOMAR;Lomba
GONDOMAR;Rio Tinto
LOUSADA;Aveleda
VIZELA;Santa Eulália
LOUSADA;Caíde de Rei
LOUSADA;Lodares
LOUSADA;Macieira
LOUSADA;Meinedo
LOUSADA;Nevogilde
LOUSADA;Sousela
LOUSADA;Torno
LOUSADA;Vilar do Torno
MAIA;Águas Santas
MAIA;Folgosa
MAIA;Milheirós
MAIA;Moreira
MAIA;Pedrouços
MAIA;São Pedro Fins
MAIA;Vila Nova da Telha
MARCO DE CANAVESES;Banho
MARCO DE CANAVESES;Constance
MARCO DE CANAVESES;Soalhães
MARCO DE CANAVESES;Sobretâmega
MARCO DE CANAVESES;Tabuado
MARCO DE CANAVESES;Vila Boa do Bispo
PAÇOS DE FERREIRA;Carvalhosa
PAÇOS DE FERREIRA;Eiriz
PAÇOS DE FERREIRA;Ferreira
PAÇOS DE FERREIRA;Figueiró
PAÇOS DE FERREIRA;Freamunde
PAÇOS DE FERREIRA;Meixomil
PAÇOS DE FERREIRA;Penamaior
PAÇOS DE FERREIRA;Raimonda
PAÇOS DE FERREIRA;Seroa
PAREDES;Aguiar de Sousa
PAREDES;Astromil
PAREDES;Baltar
PAREDES;Beire
PAREDES;Cete
PAREDES;Cristelo
PAREDES;Duas Igrejas
PAREDES;Gandra
PAREDES;Lordelo
PAREDES;Louredo
PAREDES;Parada de Todeia
PAREDES;Rebordosa
PAREDES;Recarei
PAREDES;Sobreira
PAREDES;Sobrosa
PAREDES;Vandoma
PAREDES;Vilela
PENAFIEL;Abragão
PENAFIEL;Boelhe
PENAFIEL;Bustelo
PENAFIEL;Cabeça Santa
PENAFIEL;Canelas
PENAFIEL;Capela
PENAFIEL;Castelões
PENAFIEL;Croca
PENAFIEL;Duas Igrejas
PENAFIEL;Eja
PENAFIEL;Fonte Arcada
PENAFIEL;Galegos
PENAFIEL;Irivo
PENAFIEL;Oldrões
PENAFIEL;Paço de Sousa
PENAFIEL;Perozelo
PENAFIEL;Rans
PENAFIEL;Recezinhos
PENAFIEL;Recezinhos
PENAFIEL;Rio Mau
PENAFIEL;Rio de Moinhos
PENAFIEL;Sebolido
PENAFIEL;Valpedre
PORTO;Bonfim
PORTO;Campanhã
PORTO;Paranhos
PORTO;Ramalde
PÓVOA DE VARZIM;Balazar
PÓVOA DE VARZIM;Estela
PÓVOA DE VARZIM;Laundos
PÓVOA DE VARZIM;Rates
SANTO TIRSO;Agrela
SANTO TIRSO;Água Longa
SANTO TIRSO;Aves
TROFA;Covelas
SANTO TIRSO;Monte Córdova
TROFA;Muro
SANTO TIRSO;Negrelos
SANTO TIRSO;Rebordões
SANTO TIRSO;Reguenga
SANTO TIRSO;Roriz
SANTO TIRSO;Vilarinho
VALONGO;Alfena
VALONGO;Ermesinde
VALONGO;Valongo
VILA DO CONDE;Árvore
VILA DO CONDE;Aveleda
VILA DO CONDE;Azurara
VILA DO CONDE;Fajozes
VILA DO CONDE;Gião
VILA DO CONDE;Guilhabreu
VILA DO CONDE;Junqueira
VILA DO CONDE;Labruge
VILA DO CONDE;Macieira da Maia
VILA DO CONDE;Mindelo
VILA DO CONDE;Modivas
VILA DO CONDE;Vila Chã
VILA DO CONDE;Vila do Conde
VILA DO CONDE;Vilar de Pinheiro
VILA NOVA DE GAIA;Arcozelo
VILA NOVA DE GAIA;Avintes
VILA NOVA DE GAIA;Canelas
VILA NOVA DE GAIA;Canidelo
VILA NOVA DE GAIA;Madalena
VILA NOVA DE GAIA;Oliveira do Douro
VILA NOVA DE GAIA;São Félix da Marinha
VILA NOVA DE GAIA;Vilar de Andorinho
ABRANTES;Bemposta
ABRANTES;Carvalhal
ABRANTES;Fontes
ABRANTES;Martinchel
ABRANTES;Mouriscas
ABRANTES;Pego
ABRANTES;Rio de Moinhos
ABRANTES;Tramagal
ALCANENA;Bugalhos
ALCANENA;Minde
ALCANENA;Moitas Venda
ALCANENA;Monsanto
ALCANENA;Serra de Santo António
ALMEIRIM;Almeirim
ALMEIRIM;Benfica do Ribatejo
ALMEIRIM;Fazendas de Almeirim
ALMEIRIM;Raposa
ALPIARÇA;Alpiarça
BENAVENTE;Benavente
BENAVENTE;Barrosa
BENAVENTE;Samora Correia
BENAVENTE;Santo Estêvão
CARTAXO;Pontével
CARTAXO;Valada
CARTAXO;Vale da Pedra
CARTAXO;Vila Chã de Ourique
CHAMUSCA;Carregueira
CHAMUSCA;Ulme
CHAMUSCA;Vale de Cavalos
CONSTÂNCIA;Constância
CONSTÂNCIA;Montalvo
CONSTÂNCIA;Santa Margarida da Coutada
CORUCHE;Biscainho
CORUCHE;Branca
CORUCHE;Couço
CORUCHE;Santana do Mato
CORUCHE;São José da Lamarosa
ENTRONCAMENTO;São João Baptista
FERREIRA DO ZÊZERE;Águas Belas
FERREIRA DO ZÊZERE;Beco
FERREIRA DO ZÊZERE;Chãos
FERREIRA DO ZÊZERE;Ferreira do Zêzere
FERREIRA DO ZÊZERE;Igreja Nova do Sobral
GOLEGÃ;Azinhaga
GOLEGÃ;Golegã
MAÇÃO;Amêndoa
MAÇÃO;Cardigos
MAÇÃO;Carvoeiro
MAÇÃO;Envendos
MAÇÃO;Ortiga
RIO MAIOR;Alcobertas
RIO MAIOR;Arrouquelas
RIO MAIOR;Asseiceira
RIO MAIOR;Fráguas
RIO MAIOR;Rio Maior
RIO MAIOR;São Sebastião
SALVATERRA DE MAGOS;Marinhais
SALVATERRA DE MAGOS;Muge
SANTARÉM;Abitureiras
SANTARÉM;Abrã
SANTARÉM;Alcanede
SANTARÉM;Alcanhões
SANTARÉM;Almoster
SANTARÉM;Amiais de Baixo
SANTARÉM;Arneiro das Milhariças
SANTARÉM;Gançaria
SANTARÉM;Moçarria
SANTARÉM;Pernes
SANTARÉM;Póvoa da Isenta
SANTARÉM;Vale de Santarém
SARDOAL;Alcaravela
SARDOAL;Santiago de Montalegre
SARDOAL;Sardoal
SARDOAL;Valhascos
TOMAR;Asseiceira
TOMAR;Carregueiros
TOMAR;Olalhas
TOMAR;Paialvo
TOMAR;Sabacheira
TOMAR;São Pedro de Tomar
TORRES NOVAS;Assentiz
TORRES NOVAS;Chancelaria
TORRES NOVAS;Pedrógão
TORRES NOVAS;Riachos
TORRES NOVAS;Zibreira
VILA NOVA DA BARQUINHA;Atalaia
VILA NOVA DA BARQUINHA;Praia do Ribatejo
VILA NOVA DA BARQUINHA;Tancos
OURÉM;Alburitel
OURÉM;Atouguia
OURÉM;Caxarias
OURÉM;Espite
OURÉM;Fátima
OURÉM;Nossa Senhora da Piedade
OURÉM;Nossa Senhora das Misericórdias
OURÉM;Seiça
OURÉM;Urqueira
ALCÁCER DO SAL;Comporta
ALCÁCER DO SAL;São Martinho
ALCÁCER DO SAL;Torrão
ALCOCHETE;Alcochete
ALCOCHETE;Samouco
ALCOCHETE;São Francisco
ALMADA;Costa da Caparica
BARREIRO;Santo António da Charneca
GRÂNDOLA;Azinheira dos Barros
GRÂNDOLA;Carvalhal
GRÂNDOLA;Melides
MOITA;Alhos Vedros
MOITA;Moita
MONTIJO;Canha
MONTIJO;Sarilhos Grandes
PALMELA;Palmela
PALMELA;Pinhal Novo
PALMELA;Quinta do Anjo
SANTIAGO DO CACÉM;Abela
SANTIAGO DO CACÉM;Alvalade
SANTIAGO DO CACÉM;Cercal
SANTIAGO DO CACÉM;Ermidas-Sado
SANTIAGO DO CACÉM;Santo André
SANTIAGO DO CACÉM;São Francisco da Serra
SEIXAL;Amora
SEIXAL;Corroios
SEIXAL;Fernão Ferro
SESIMBRA;Quinta do Conde
SESIMBRA;Sesimbra
SESIMBRA;Sesimbra
SETÚBAL;Gâmbia
SETÚBAL;Sado
SETÚBAL;Setúbal
SINES;Porto Covo
SINES;Sines
ARCOS DE VALDEVEZ;Aboim das Choças
ARCOS DE VALDEVEZ;Aguiã
ARCOS DE VALDEVEZ;Ázere
ARCOS DE VALDEVEZ;Cabana Maior
ARCOS DE VALDEVEZ;Cabreiro
ARCOS DE VALDEVEZ;Cendufe
ARCOS DE VALDEVEZ;Couto
ARCOS DE VALDEVEZ;Gavieira
ARCOS DE VALDEVEZ;Gondoriz
ARCOS DE VALDEVEZ;Jolda
ARCOS DE VALDEVEZ;Miranda
ARCOS DE VALDEVEZ;Monte Redondo
ARCOS DE VALDEVEZ;Oliveira
ARCOS DE VALDEVEZ;Paçô
ARCOS DE VALDEVEZ;Padroso
ARCOS DE VALDEVEZ;Prozelo
ARCOS DE VALDEVEZ;Rio Frio
ARCOS DE VALDEVEZ;Rio de Moinhos
ARCOS DE VALDEVEZ;Sabadim
ARCOS DE VALDEVEZ;Senharei
ARCOS DE VALDEVEZ;Sistelo
ARCOS DE VALDEVEZ;Soajo
ARCOS DE VALDEVEZ;Vale
CAMINHA;Âncora
CAMINHA;Argela
CAMINHA;Dem
CAMINHA;Lanhelas
CAMINHA;Riba de Âncora
CAMINHA;Seixas
CAMINHA;Vila Praia de Âncora
CAMINHA;Vilar de Mouros
CAMINHA;Vile
MELGAÇO;Alvaredo
MELGAÇO;Cousso
MELGAÇO;Cristóval
MELGAÇO;Fiães
MELGAÇO;Gave
MELGAÇO;Paderne
MELGAÇO;Penso
MELGAÇO;São Paio
MONÇÃO;Abedim
MONÇÃO;Barbeita
MONÇÃO;Barroças
MONÇÃO;Bela
MONÇÃO;Cambeses
MONÇÃO;Lara
MONÇÃO;Longos Vales
MONÇÃO;Merufe
MONÇÃO;Moreira
MONÇÃO;Pias
MONÇÃO;Pinheiros
MONÇÃO;Podame
MONÇÃO;Portela
MONÇÃO;Riba de Mouro
MONÇÃO;Segude
MONÇÃO;Tangil
MONÇÃO;Trute
PAREDES DE COURA;Agualonga
PAREDES DE COURA;Castanheira
PAREDES DE COURA;Coura
PAREDES DE COURA;Cunha
PAREDES DE COURA;Infesta
PAREDES DE COURA;Mozelos
PAREDES DE COURA;Padornelo
PAREDES DE COURA;Parada
PAREDES DE COURA;Romarigães
PAREDES DE COURA;Rubiães
PAREDES DE COURA;Vascões
PONTE DA BARCA;Azias
PONTE DA BARCA;Boivães
PONTE DA BARCA;Bravães
PONTE DA BARCA;Britelo
PONTE DA BARCA;Cuide de Vila Verde
PONTE DA BARCA;Lavradas
PONTE DA BARCA;Lindoso
PONTE DA BARCA;Nogueira
PONTE DA BARCA;Oleiros
PONTE DA BARCA;Sampriz
PONTE DA BARCA;Vade
PONTE DA BARCA;Vade
PONTE DE LIMA;Anais
PONTE DE LIMA;São Pedro d’Arcos
PONTE DE LIMA;Arcozelo
PONTE DE LIMA;Beiral do Lima
PONTE DE LIMA;Bertiandos
PONTE DE LIMA;Boalhosa
PONTE DE LIMA;Brandara
PONTE DE LIMA;Calheiros
PONTE DE LIMA;Calvelo
PONTE DE LIMA;Correlhã
PONTE DE LIMA;Estorãos
PONTE DE LIMA;Facha
PONTE DE LIMA;Feitosa
PONTE DE LIMA;Fontão
PONTE DE LIMA;Friastelas
PONTE DE LIMA;Gandra
PONTE DE LIMA;Gemieira
PONTE DE LIMA;Gondufe
PONTE DE LIMA;Labruja
PONTE DE LIMA;Poiares
PONTE DE LIMA;Rebordões
PONTE DE LIMA;Rebordões
PONTE DE LIMA;Refóios do Lima
PONTE DE LIMA;Ribeira
PONTE DE LIMA;Sá
PONTE DE LIMA;Santa Comba
PONTE DE LIMA;Santa Cruz do Lima
PONTE DE LIMA;Seara
PONTE DE LIMA;Serdedelo
PONTE DE LIMA;Vitorino das Donas
VALENÇA;Boivão
VALENÇA;Cerdal
VALENÇA;Fontoura
VALENÇA;Friestas
VALENÇA;Ganfei
VALENÇA;São Pedro da Torre
VALENÇA;Verdoejo
VIANA DO CASTELO;Afife
VIANA DO CASTELO;Alvarães
VIANA DO CASTELO;Amonde
VIANA DO CASTELO;Anha
VIANA DO CASTELO;Areosa
VIANA DO CASTELO;Carreço
VIANA DO CASTELO;Castelo do Neiva
VIANA DO CASTELO;Chafé
VIANA DO CASTELO;Darque
VIANA DO CASTELO;Freixieiro de Soutelo
VIANA DO CASTELO;Lanheses
VIANA DO CASTELO;Montaria
VIANA DO CASTELO;Mujães
VIANA DO CASTELO;São Romão de Neiva
VIANA DO CASTELO;Outeiro
VIANA DO CASTELO;Perre
VIANA DO CASTELO;Santa Marta de Portuzelo
VIANA DO CASTELO;Vila Franca
VIANA DO CASTELO;Vila de Punhe
VILA NOVA DE CERVEIRA;Cornes
VILA NOVA DE CERVEIRA;Covas
VILA NOVA DE CERVEIRA;Gondarém
VILA NOVA DE CERVEIRA;Loivo
VILA NOVA DE CERVEIRA;Mentrestido
VILA NOVA DE CERVEIRA;Sapardos
VILA NOVA DE CERVEIRA;Sopo
ALIJÓ;Alijó
ALIJÓ;Favaios
ALIJÓ;Pegarinhos
ALIJÓ;Pinhão
ALIJÓ;Sanfins do Douro
ALIJÓ;Santa Eugénia
ALIJÓ;São Mamede de Ribatua
ALIJÓ;Vila Chã
ALIJÓ;Vila Verde
ALIJÓ;Vilar de Maçada
BOTICAS;Beça
BOTICAS;Covas do Barroso
BOTICAS;Dornelas
BOTICAS;Pinho
BOTICAS;Sapiãos
CHAVES;Águas Frias
CHAVES;Anelhe
CHAVES;Bustelo
CHAVES;Cimo de Vila da Castanheira
CHAVES;Curalha
CHAVES;Ervededo
CHAVES;Faiões
CHAVES;Lama de Arcos
CHAVES;Mairos
CHAVES;Moreiras
CHAVES;Nogueira da Montanha
CHAVES;Oura
CHAVES;Outeiro Seco
CHAVES;Paradela
CHAVES;Redondelo
CHAVES;Sanfins
CHAVES;Santa Leocádia
CHAVES;Santa Maria Maior
CHAVES;Santo António de Monforte
CHAVES;Santo Estêvão
CHAVES;São Pedro de Agostém
CHAVES;São Vicente
CHAVES;Tronco
CHAVES;Vale de Anta
CHAVES;Vila Verde da Raia
CHAVES;Vilar de Nantes
CHAVES;Vilarelho da Raia
CHAVES;Vilas Boas
CHAVES;Vilela Seca
CHAVES;Vilela do Tâmega
MESÃO FRIO;Barqueiros
MESÃO FRIO;Cidadelhe
MESÃO FRIO;Oliveira
MESÃO FRIO;Vila Marim
MONDIM DE BASTO;Atei
MONDIM DE BASTO;Bilhó
MONDIM DE BASTO;Mondim de Basto
MONDIM DE BASTO;Vilar de Ferreiros
MONTALEGRE;Cabril
MONTALEGRE;Cervos
MONTALEGRE;Chã
MONTALEGRE;Covelo do Gerês
MONTALEGRE;Ferral
MONTALEGRE;Gralhas
MONTALEGRE;Morgade
MONTALEGRE;Negrões
MONTALEGRE;Outeiro
MONTALEGRE;Pitões das Junias
MONTALEGRE;Reigoso
MONTALEGRE;Salto
MONTALEGRE;Santo André
MONTALEGRE;Sarraquinhos
MONTALEGRE;Solveira
MONTALEGRE;Tourém
MONTALEGRE;Vila da Ponte
MURÇA;Candedo
MURÇA;Fiolhoso
MURÇA;Jou
MURÇA;Murça
MURÇA;Valongo de Milhais
PESO DA RÉGUA;Fontelas
PESO DA RÉGUA;Loureiro
PESO DA RÉGUA;Sedielos
PESO DA RÉGUA;Vilarinho dos Freires
RIBEIRA DE PENA;Alvadia
RIBEIRA DE PENA;Canedo
RIBEIRA DE PENA;Santa Marinha
SABROSA;Celeirós
SABROSA;Covas do Douro
SABROSA;Gouvinhas
SABROSA;Parada de Pinhão
SABROSA;Paços
SABROSA;Sabrosa
SABROSA;São Lourenço de Ribapinhão
SABROSA;Souto Maior
SABROSA;Torre do Pinhão
SABROSA;Vilarinho de São Romão
SANTA MARTA DE PENAGUIÃO;Alvações do Corgo
SANTA MARTA DE PENAGUIÃO;Cumieira
SANTA MARTA DE PENAGUIÃO;Fontes
SANTA MARTA DE PENAGUIÃO;Medrões
SANTA MARTA DE PENAGUIÃO;Sever
VALPAÇOS;Água Revés
VALPAÇOS;Argeriz
VALPAÇOS;Bouçoães
VALPAÇOS;Canaveses
VALPAÇOS;Ervões
VALPAÇOS;Fornos do Pinhal
VALPAÇOS;Friões
VALPAÇOS;Padrela
VALPAÇOS;Possacos
VALPAÇOS;Rio Torto
VALPAÇOS;Santa Maria de Emeres
VALPAÇOS;Santa Valha
VALPAÇOS;Santiago da Ribeira de Alhariz
VALPAÇOS;São João da Corveira
VALPAÇOS;São Pedro de Veiga de Lila
VALPAÇOS;Serapicos
VALPAÇOS;Vales
VALPAÇOS;Vassal
VALPAÇOS;Veiga de Lila
VALPAÇOS;Vilarandelo
VILA POUCA DE AGUIAR;Alfarela de Jales
VILA POUCA DE AGUIAR;Bornes de Aguiar
VILA POUCA DE AGUIAR;Bragado
VILA POUCA DE AGUIAR;Capeludos
VILA POUCA DE AGUIAR;Sabroso de Aguiar
VILA POUCA DE AGUIAR;Soutelo de Aguiar
VILA POUCA DE AGUIAR;Telões
VILA POUCA DE AGUIAR;Tresminas
VILA POUCA DE AGUIAR;Valoura
VILA POUCA DE AGUIAR;Vila Pouca de Aguiar
VILA POUCA DE AGUIAR;Vreia de Bornes
VILA POUCA DE AGUIAR;Vreia de Jales
VILA REAL;Abaças
VILA REAL;Andrães
VILA REAL;Arroios
VILA REAL;Campeã
VILA REAL;Folhadela
VILA REAL;Guiães
VILA REAL;Lordelo
VILA REAL;Mateus
VILA REAL;Mondrões
VILA REAL;Parada de Cunhos
VILA REAL;Torgueda
VILA REAL;Vila Marim
ARMAMAR;Aldeias
ARMAMAR;Cimbres
ARMAMAR;Folgosa
ARMAMAR;Fontelo
ARMAMAR;Queimada
ARMAMAR;Queimadela
ARMAMAR;Santa Cruz
ARMAMAR;São Cosmado
ARMAMAR;São Martinho das Chãs
ARMAMAR;Vacalar
CARREGAL DO SAL;Beijós
CARREGAL DO SAL;Cabanas de Viriato
CARREGAL DO SAL;Oliveira do Conde
CARREGAL DO SAL;Parada
CASTRO DAIRE;Almofala
CASTRO DAIRE;Cabril
CASTRO DAIRE;Castro Daire
CASTRO DAIRE;Cujó
CASTRO DAIRE;Gosende
CASTRO DAIRE;Mões
CASTRO DAIRE;Moledo
CASTRO DAIRE;Monteiras
CASTRO DAIRE;Pepim
CASTRO DAIRE;Pinheiro
CASTRO DAIRE;São Joaninho
CINFÃES;Cinfães
CINFÃES;Espadanedo
CINFÃES;Ferreiros de Tendais
CINFÃES;Fornelos
CINFÃES;Moimenta
CINFÃES;Nespereira
CINFÃES;Oliveira do Douro
CINFÃES;Santiago de Piães
CINFÃES;São Cristóvão de Nogueira
CINFÃES;Souselo
CINFÃES;Tarouquela
CINFÃES;Tendais
CINFÃES;Travanca
LAMEGO;Avões
LAMEGO;Britiande
LAMEGO;Cambres
LAMEGO;Ferreirim
LAMEGO;Ferreiros de Avões
LAMEGO;Figueira
LAMEGO;Lalim
LAMEGO;Lazarim
LAMEGO;Penajóia
LAMEGO;Penude
LAMEGO;Samodães
LAMEGO;Sande
LAMEGO;Várzea de Abrunhais
LAMEGO;Vila Nova de Souto d El-Rei
MANGUALDE;Abrunhosa-a-Velha
MANGUALDE;Alcafache
MANGUALDE;Cunha Baixa
MANGUALDE;Espinho
MANGUALDE;Fornos de Maceira Dão
MANGUALDE;Freixiosa
MANGUALDE;Quintela de Azurara
MANGUALDE;São João da Fresta
MOIMENTA DA BEIRA;Alvite
MOIMENTA DA BEIRA;Arcozelos
MOIMENTA DA BEIRA;Baldos
MOIMENTA DA BEIRA;Cabaços
MOIMENTA DA BEIRA;Caria
MOIMENTA DA BEIRA;Castelo
MOIMENTA DA BEIRA;Leomil
MOIMENTA DA BEIRA;Moimenta da Beira
MOIMENTA DA BEIRA;Passô
MOIMENTA DA BEIRA;Rua
MOIMENTA DA BEIRA;Sarzedo
MOIMENTA DA BEIRA;Sever
MOIMENTA DA BEIRA;Vilar
MORTÁGUA;Cercosa
MORTÁGUA;Espinho
MORTÁGUA;Marmeleira
MORTÁGUA;Pala
MORTÁGUA;Sobral
MORTÁGUA;Trezói
NELAS;Canas de Senhorim
NELAS;Lapa do Lobo
NELAS;Nelas
NELAS;Senhorim
NELAS;Vilar Seco
OLIVEIRA DE FRADES;Arcozelo das Maias
OLIVEIRA DE FRADES;Pinheiro
OLIVEIRA DE FRADES;Ribeiradio
OLIVEIRA DE FRADES;São João da Serra
OLIVEIRA DE FRADES;São Vicente de Lafões
PENALVA DO CASTELO;Castelo de Penalva
PENALVA DO CASTELO;Esmolfe
PENALVA DO CASTELO;Germil
PENALVA DO CASTELO;Ínsua
PENALVA DO CASTELO;Lusinde
PENALVA DO CASTELO;Pindo
PENALVA DO CASTELO;Real
PENALVA DO CASTELO;Sezures
PENALVA DO CASTELO;Trancozelos
PENEDONO;Beselga
PENEDONO;Castainço
PENEDONO;Penela da Beira
PENEDONO;Póvoa de Penela
PENEDONO;Souto
RESENDE;Barrô
RESENDE;Cárquere
RESENDE;Paus
RESENDE;Resende
RESENDE;São Cipriano
RESENDE;São João de Fontoura
RESENDE;São Martinho de Mouros
SANTA COMBA DÃO;Pinheiro de Ázere
SANTA COMBA DÃO;São Joaninho
SANTA COMBA DÃO;São João de Areias
SÃO JOÃO DA PESQUEIRA;Castanheiro do Sul
SÃO JOÃO DA PESQUEIRA;Ervedosa do Douro
SÃO JOÃO DA PESQUEIRA;Nagozelo do Douro
SÃO JOÃO DA PESQUEIRA;Paredes da Beira
SÃO JOÃO DA PESQUEIRA;Riodades
SÃO JOÃO DA PESQUEIRA;Soutelo do Douro
SÃO JOÃO DA PESQUEIRA;Vale de Figueira
SÃO JOÃO DA PESQUEIRA;Valongo dos Azeites
SÃO PEDRO DO SUL;Bordonhos
SÃO PEDRO DO SUL;Figueiredo de Alva
SÃO PEDRO DO SUL;Manhouce
SÃO PEDRO DO SUL;Pindelo dos Milagres
SÃO PEDRO DO SUL;Pinho
SÃO PEDRO DO SUL;São Félix
SÃO PEDRO DO SUL;Serrazes
SÃO PEDRO DO SUL;Sul
SÃO PEDRO DO SUL;Valadares
SÃO PEDRO DO SUL;Vila Maior
SÁTÃO;Avelal
SÁTÃO;Ferreira de Aves
SÁTÃO;Mioma
SÁTÃO;Rio de Moinhos
SÁTÃO;São Miguel de Vila Boa
SÁTÃO;Sátão
SÁTÃO;Silvã de Cima
SERNANCELHE;Arnas
SERNANCELHE;Carregal
SERNANCELHE;Chosendo
SERNANCELHE;Cunha
SERNANCELHE;Faia
SERNANCELHE;Granjal
SERNANCELHE;Lamosa
SERNANCELHE;Quintela
SERNANCELHE;Vila da Ponte
TABUAÇO;Adorigo
TABUAÇO;Arcos
TABUAÇO;Chavães
TABUAÇO;Desejosa
TABUAÇO;Granja do Tedo
TABUAÇO;Longa
TABUAÇO;Sendim
TABUAÇO;Tabuaço
TABUAÇO;Valença do Douro
TAROUCA;Mondim da Beira
TAROUCA;Salzedas
TAROUCA;São João de Tarouca
TAROUCA;Várzea da Serra
TONDELA;Campo de Besteiros
TONDELA;Canas de Santa Maria
TONDELA;Castelões
TONDELA;Dardavaz
TONDELA;Ferreirós do Dão
TONDELA;Guardão
TONDELA;Lajeosa
TONDELA;Lobão da Beira
TONDELA;Molelos
TONDELA;Parada de Gonta
TONDELA;Santiago de Besteiros
TONDELA;Tonda
VILA NOVA DE PAIVA;Pendilhe
VILA NOVA DE PAIVA;Queiriga
VILA NOVA DE PAIVA;Touro
VILA NOVA DE PAIVA;Vila Cova à Coelheira
VISEU;Abraveses
VISEU;Bodiosa
VISEU;Calde
VISEU;Campo
VISEU;Cavernães
VISEU;Côta
VISEU;Fragosela
VISEU;Lordosa
VISEU;Silgueiros
VISEU;Mundão
VISEU;Orgens
VISEU;Povolide
VISEU;Ranhados
VISEU;Ribafeita
VISEU;Rio de Loba
VISEU;Santos Evos
VISEU;São João de Lourosa
VISEU;São Pedro de France
VOUZELA;Alcofra
VOUZELA;Campia
VOUZELA;Fornelo do Monte
VOUZELA;Queirã
VOUZELA;São Miguel do Mato
VOUZELA;Ventosa
ANGRA DO HEROÍSMO;Altares
ANGRA DO HEROÍSMO;Nossa Senhora da Conceição
ANGRA DO HEROÍSMO;Santa Luzia
ANGRA DO HEROÍSMO;São Pedro
ANGRA DO HEROÍSMO;Sé
ANGRA DO HEROÍSMO;Cinco Ribeiras
ANGRA DO HEROÍSMO;Doze Ribeiras
ANGRA DO HEROÍSMO;Feteira
ANGRA DO HEROÍSMO;Porto Judeu
ANGRA DO HEROÍSMO;Posto Santo
ANGRA DO HEROÍSMO;Raminho
ANGRA DO HEROÍSMO;Ribeirinha
ANGRA DO HEROÍSMO;Santa Bárbara
ANGRA DO HEROÍSMO;São Bartolomeu de Regatos
ANGRA DO HEROÍSMO;São Bento
ANGRA DO HEROÍSMO;São Mateus
ANGRA DO HEROÍSMO;Serreta
ANGRA DO HEROÍSMO;Terra Chã
ANGRA DO HEROÍSMO;Vila de São Sebastião
SANTA CRUZ DA GRACIOSA;Guadalupe
SANTA CRUZ DA GRACIOSA;Luz
SANTA CRUZ DA GRACIOSA;São Mateus
SANTA CRUZ DA GRACIOSA;Santa Cruz da Graciosa
VELAS;Santa Bárbara
VELAS;Norte Grande
VELAS;Rosais
VELAS;Santo Amaro
VELAS;Urzelina
VELAS;São Jorge
HORTA;Capelo
HORTA;Castelo Branco
HORTA;Cedros
HORTA;Feteira
HORTA;Flamengos
HORTA;Angústias
HORTA;Conceição
HORTA;Horta
HORTA;Pedro Miguel
HORTA;Praia do Almoxarife
HORTA;Praia do Norte
HORTA;Ribeirinha
HORTA;Salão
LAJES DAS FLORES;Fajã Grande
LAJES DAS FLORES;Fajãzinha
LAJES DAS FLORES;Fazenda
LAJES DAS FLORES;Lajedo
LAJES DAS FLORES;Lajes das Flores
LAJES DAS FLORES;Lomba
LAJES DAS FLORES;Mosteiro
LAJES DO PICO;Calheta de Nesquim
LAJES DO PICO;Lajes do Pico
LAJES DO PICO;Piedade
LAJES DO PICO;Ribeiras
LAJES DO PICO;Ribeirinha
LAJES DO PICO;São João
MADALENA;Bandeiras
MADALENA;Candelária
MADALENA;Criação Velha
MADALENA;Madalena
MADALENA;São Caetano
MADALENA;São Mateus
SANTA CRUZ DAS FLORES;Caveira
SANTA CRUZ DAS FLORES;Cedros
SANTA CRUZ DAS FLORES;Ponta Delgada
SANTA CRUZ DAS FLORES;Santa Cruz das Flores
SÃO ROQUE DO PICO;Prainha
SÃO ROQUE DO PICO;Santa Luzia
SÃO ROQUE DO PICO;Santo Amaro
SÃO ROQUE DO PICO;Santo António
SÃO ROQUE DO PICO;São Roque do Pico
NORDESTE;Achada
NORDESTE;Achadinha
NORDESTE;Lomba da Fazenda
NORDESTE;Nordeste
NORDESTE;Salga
NORDESTE;Santana
PONTA DELGADA;Arrifes
PONTA DELGADA;Candelária
PONTA DELGADA;Capelas
PONTA DELGADA;Covoada
PONTA DELGADA;Fajã de Baixo
PONTA DELGADA;Fajã de Cima
PONTA DELGADA;Fenais da Luz
PONTA DELGADA;Feteiras
PONTA DELGADA;Ginetes
PONTA DELGADA;Mosteiros
PONTA DELGADA;Ponta Delgada
PONTA DELGADA;São José
PONTA DELGADA;São Pedro
PONTA DELGADA;Relva
PONTA DELGADA;Remédios
PONTA DELGADA;Rosto do Cão
PONTA DELGADA;Rosto do Cão
PONTA DELGADA;Santa Bárbara
PONTA DELGADA;Santo António
PONTA DELGADA;São Vicente Ferreira
PONTA DELGADA;Sete Cidades
POVOAÇÃO;Água Retorta
POVOAÇÃO;Faial da Terra
POVOAÇÃO;Furnas
POVOAÇÃO;Nossa Senhora dos Remédios
POVOAÇÃO;Povoação
POVOAÇÃO;Ribeira Quente
RIBEIRA GRANDE;Calhetas
RIBEIRA GRANDE;Fenais da Ajuda
RIBEIRA GRANDE;Lomba da Maia
RIBEIRA GRANDE;Lomba de São Pedro
RIBEIRA GRANDE;Maia
RIBEIRA GRANDE;Pico da Pedra
RIBEIRA GRANDE;Porto Formoso
RIBEIRA GRANDE;Rabo de Peixe
RIBEIRA GRANDE;Conceição
RIBEIRA GRANDE;Ribeira Grande
RIBEIRA GRANDE;Ribeira Seca
RIBEIRA GRANDE;Ribeirinha
RIBEIRA GRANDE;Santa Bárbara
RIBEIRA GRANDE;São Brás
VILA FRANCA DO CAMPO;Água de Alto
VILA FRANCA DO CAMPO;Ponta Garça
VILA FRANCA DO CAMPO;Ribeira das Tainhas
VILA FRANCA DO CAMPO;São Miguel
VILA FRANCA DO CAMPO;São Pedro
VILA DO PORTO;Almagreira
VILA DO PORTO;Santa Bárbara
VILA DO PORTO;Santo Espírito
VILA DO PORTO;São Pedro
VILA DO PORTO;Vila do Porto
CÂMARA DE LOBOS;Câmara de Lobos
CÂMARA DE LOBOS;Curral das Freiras
CÂMARA DE LOBOS;Estreito Câmara de Lobos
CÂMARA DE LOBOS;Jardim da Serra
CÂMARA DE LOBOS;Quinta Grande
FUNCHAL;Santa Luzia
FUNCHAL;Santa Maria Maior
FUNCHAL;São Pedro
FUNCHAL;Sé
FUNCHAL;Imaculado Coração de Maria
FUNCHAL;Monte
FUNCHAL;Santo António
FUNCHAL;São Gonçalo
FUNCHAL;São Martinho
FUNCHAL;São Roque
MACHICO;Água de Pena
MACHICO;Caniçal
MACHICO;Machico
MACHICO;Porto da Cruz
MACHICO;Santo António da Serra
PONTA DO SOL;Canhas
PONTA DO SOL;Madalena do Mar
PONTA DO SOL;Ponta do Sol
PORTO MONIZ;Achadas da Cruz
PORTO MONIZ;Porto Moniz
PORTO MONIZ;Ribeira da Janela
PORTO MONIZ;Seixal
PORTO SANTO;Porto Santo
RIBEIRA BRAVA;Campanário
RIBEIRA BRAVA;Ribeira Brava
RIBEIRA BRAVA;Serra de Água
RIBEIRA BRAVA;Tabua
SANTA CRUZ;Camacha
SANTA CRUZ;Caniço
SANTA CRUZ;Gaula
SANTA CRUZ;Santa Cruz
SANTA CRUZ;Santo António da Serra
SANTANA;Arco de São Jorge
SANTANA;Faial
SANTANA;Ilha
SANTANA;Santana
SANTANA;São Jorge
SANTANA;São Roque do Faial
SÃO VICENTE;Boa Ventura
SÃO VICENTE;Ponta Delgada
SÃO VICENTE;São Vicente
ODEMIRA;Boavista dos Pinheiros
ODEMIRA;Longueira
LOUSÃ;Gândaras
TORRES NOVAS;Meia Via
PONTA DELGADA;Pilar da Bretanha
NORDESTE;Santo António de Nordestinho
PONTA DELGADA;Ajuda da Bretanha
PONTA DELGADA;Ponta Delgada
VILA FRANCA DO CAMPO;Ribeira Seca
NORDESTE;Algarvia
NORDESTE;São Pedro de Nordestinho
ENTRONCAMENTO;Nossa Senhora de Fátima
PRAIA DA VITÓRIA;Agualva
PRAIA DA VITÓRIA;Biscoitos
PRAIA DA VITÓRIA;Cabo da Praia
PRAIA DA VITÓRIA;Fonte do Bastardo
PRAIA DA VITÓRIA;Fontinhas
PRAIA DA VITÓRIA;Lajes
PRAIA DA VITÓRIA;Praia da Vitória
PRAIA DA VITÓRIA;Quatro Ribeiras
PRAIA DA VITÓRIA;São Brás
PRAIA DA VITÓRIA;Vila Nova
PRAIA DA VITÓRIA;Porto Martins
ÁGUEDA;Águeda
ÁGUEDA;Barrô
ÁGUEDA;Belazaima do Chão
ÁGUEDA;Recardães
ÁGUEDA;Travassô
ÁGUEDA;Trofa
ÁGUEDA;Préstimo
ALBERGARIA-A-VELHA;Albergaria-a-Velha
ALBERGARIA-A-VELHA;São João de Loure
ANADIA;Amoreira da Gândara
ANADIA;Arcos
ANADIA;Tamengos
AROUCA;Arouca
AROUCA;Cabreiros
AROUCA;Canelas
AROUCA;Covelo de Paivó
AVEIRO;Eixo
AVEIRO;Requeixo
AVEIRO;Glória
CASTELO DE PAIVA;Raiva
CASTELO DE PAIVA;Sobrado
ESPINHO;Anta
ESTARREJA;Beduído
ESTARREJA;Canelas
SANTA MARIA DA FEIRA;Caldas de São Jorge
SANTA MARIA DA FEIRA;Canedo
SANTA MARIA DA FEIRA;Lobão
SANTA MARIA DA FEIRA;Santa Maria da Feira
SANTA MARIA DA FEIRA;São Miguel do Soutoô
ÍLHAVO;Gafanha da Encarnação
ÍLHAVO;Gafanha da Nazaré 
ÍLHAVO;Gafanha do Carmo
ÍLHAVO;Ílhavo
MEALHADA;Mealhada
OLIVEIRA DE AZEMÉIS;Nogueira do Cravo
OLIVEIRA DE AZEMÉIS;O. Azeméis
OLIVEIRA DE AZEMÉIS;Pinheiro da Bemposta
OLIVEIRA DO BAIRRO;Bustos
OVAR;Ovar
SEVER DO VOUGA;Cedrim
SEVER DO VOUGA;Silva Escura
VAGOS;Fonte de Angeão
VAGOS;Ponte de Vagos
VAGOS;Vagos
VALE DE CAMBRA;Vila Chã
ALJUSTREL;Aljustrel
ALMODÔVAR;Almodôvar
ALMODÔVAR;Santa Clara-a-Nova
BEJA;Albernoa
BEJA;Beja
BEJA;Beja
BEJA;Salvada
BEJA;Santa Vitória
BEJA;Trigaches
CASTRO VERDE;Castro Verde
FERREIRA DO ALENTEJO;Alfundão
FERREIRA DO ALENTEJO;Ferreira do Alentejo
MÉRTOLA;S.Mig. Pinheiro
MOURA;Santo Agostinho
MOURA;Safara
ODEMIRA;Colos
ODEMIRA;Santa Clara-a-Velha
ODEMIRA;São Salvador
ODEMIRA;São Teotónio
ODEMIRA;Vale de Santiago
OURIQUE;Garvão
OURIQUE;Panóias
SERPA;Serpa
SERPA;Vila Nova de São Bento
AMARES;Amares
AMARES;Caldelas
AMARES;Ferreiros
AMARES;Torre
AMARES;Vilela
BARCELOS;Alheira.
BARCELOS;Alvito
BARCELOS;Areias de Vilar
BARCELOS;Barcelos
BARCELOS;Campo
BARCELOS;Carreira
BARCELOS;Chorente
BARCELOS;Creixomil
BARCELOS;Durrães
BARCELOS;Gamil
BARCELOS;Milhazes
BARCELOS;Negreiros
BARCELOS;Quintiães
BARCELOS;Sequeade
BARCELOS;Silveiros
BARCELOS;Tamel
BARCELOS;Viatodos
BARCELOS;Vila Cova
BRAGA;Arentim
BRAGA;Braga
BRAGA;Braga
BRAGA;Cabreiros
BRAGA;Celeirós
BRAGA;Crespos
BRAGA;Escudeiros
BRAGA;Este
BRAGA;Ferreiros
BRAGA;Guisande
BRAGA;Lomar
BRAGA;Merelim
BRAGA;Merelim
BRAGA;Morreira
BRAGA;Nogueira
BRAGA;Nogueiró
BRAGA;Real
BRAGA;Santa Lucrécia de Algeriz
BRAGA;Vilaça
CABECEIRAS DE BASTO;Alvite
CABECEIRAS DE BASTO;Arco de Baúlhe
CABECEIRAS DE BASTO;Gondiães
CABECEIRAS DE BASTO;Refojos de Basto
CELORICO DE BASTO;Britelo
CELORICO DE BASTO;Caçarilhe
CELORICO DE BASTO;Canedo de Basto
CELORICO DE BASTO;Carvalho
CELORICO DE BASTO;Veade
ESPOSENDE;Apúlia
ESPOSENDE;Belinho
ESPOSENDE;Esposende
ESPOSENDE;Fonte Boa
ESPOSENDE;Palmeira de Faro
FAFE;Aboim
FAFE;Agrela
FAFE;Antime
FAFE;Ardegão
FAFE;Cepães
FAFE;Freitas
FAFE;Monte
FAFE;Moreira do Rei
GUIMARÃES;Abação
GUIMARÃES;Airão Santa Maria
GUIMARÃES;Arosa
GUIMARÃES;Atães
GUIMARÃES;Briteiros Santo Estêvão
GUIMARÃES;Briteiros São Salvador
GUIMARÃES;Candoso São Tiago
GUIMARÃES;Conde
GUIMARÃES;Leitões
GUIMARÃES;Oliveira
GUIMARÃES;Prazins Santo Tirso
GUIMARÃES;Sande São Lourenço
GUIMARÃES;Sande Vila Nova
GUIMARÃES;Selho São Lourenço
GUIMARÃES;Serzedo
GUIMARÃES;Souto Santa Maria
GUIMARÃES;Tabuadelo
PÓVOA DE LANHOSO;Águas Santas
PÓVOA DE LANHOSO;Calvos
PÓVOA DE LANHOSO;Campos
PÓVOA DE LANHOSO;Esperança
PÓVOA DE LANHOSO;Fonte Arcada
PÓVOA DE LANHOSO;Verim
TERRAS DE BOURO;Chamoim
TERRAS DE BOURO;Chorense
TERRAS DE BOURO;Cibões
VIEIRA DO MINHO;Anissó
VIEIRA DO MINHO;Anjos
VIEIRA DO MINHO;Caniçada
VIEIRA DO MINHO;Ruivães
VIEIRA DO MINHO;Ventosa
VILA NOVA DE FAMALICÃO;Antas
VILA NOVA DE FAMALICÃO;Arnoso
VILA NOVA DE FAMALICÃO;Avidos
VILA NOVA DE FAMALICÃO;Carreira
VILA NOVA DE FAMALICÃO;Esmeriz
VILA NOVA DE FAMALICÃO;Gondifelos
VILA NOVA DE FAMALICÃO;Lemenhe
VILA NOVA DE FAMALICÃO;Ruivães
VILA NOVA DE FAMALICÃO;Seide 
VILA NOVA DE FAMALICÃO;Vale
VILA NOVA DE FAMALICÃO;Vila Nova de Famalicão
VILA VERDE;Aboim da Nóbrega
VILA VERDE;Ribeira do Neiva
VILA VERDE;Carreiras
VILA VERDE;Escariz
VILA VERDE;Esqueiros
VILA VERDE;Marrancos
VILA VERDE;Oriz
VILA VERDE;Pico de Regalados
VILA VERDE;Sande
VILA VERDE;Valbom
VILA VERDE;Vade 
VILA VERDE;Vila Verde
VIZELA;Caldas de Vizela
VIZELA;Tagilde
ALFÂNDEGA DA FÉ;Agrobom
ALFÂNDEGA DA FÉ;Eucisia
ALFÂNDEGA DA FÉ;Ferradosa
ALFÂNDEGA DA FÉ;Gebelim
ALFÂNDEGA DA FÉ;Parada
ALFÂNDEGA DA FÉ;Pombal
BRAGANÇA;Aveleda
BRAGANÇA;Castrelos
BRAGANÇA;Izeda
BRAGANÇA;Paradaílde 
BRAGANÇA;Rebordainhos
BRAGANÇA;Rio Frio
BRAGANÇA;São Julião de Palácios
BRAGANÇA;Sé
CARRAZEDA DE ANSIÃES;Amedo
CARRAZEDA DE ANSIÃES;Belver
CARRAZEDA DE ANSIÃES;Castanheiro do Norte
CARRAZEDA DE ANSIÃES;Lavandeira
FREIXO DE ESPADA À CINTA;Freixo de Espada à Cinta
FREIXO DE ESPADA À CINTA;Lagoaça
MACEDO DE CAVALEIROS;Ala
MACEDO DE CAVALEIROS;Bornes
MACEDO DE CAVALEIROS;Castelãos
MACEDO DE CAVALEIROS;Espadanedo
MACEDO DE CAVALEIROS;Podence
MACEDO DE CAVALEIROS;Talhinhas
MIRANDA DO DOURO;Constantim
MIRANDA DO DOURO;Ifanes
MIRANDA DO DOURO;Sendim
MIRANDA DO DOURO;Silva
MIRANDELA;Avantos
MIRANDELA;Avidagos
MIRANDELA;Barcel
MIRANDELA;Franco
MIRANDELA;Freixeda
MOGADOURO;Brunhozinho
MOGADOURO;Mogadouro
MOGADOURO;Remondes
MOGADOURO;Vilarinho dos Galegos
TORRE DE MONCORVO;Adeganha
TORRE DE MONCORVO;Felgar
TORRE DE MONCORVO;Felgueiras
TORRE DE MONCORVO;Urrós
VILA FLOR;Assares
VILA FLOR;Candoso
VILA FLOR;Valtorno
VILA FLOR;Vila Flor
VILA FLOR;Vilas Boas
VIMIOSO;Algoso
VIMIOSO;Caçarelhos
VIMIOSO;Vale de Frades
VINHAIS;Curopos
VINHAIS;Moimenta
VINHAIS;Nunes
VINHAIS;Quirás
VINHAIS;Sobreiró de Baixo
VINHAIS;Soeira
VINHAIS;Travanca
VINHAIS;Vilar de Lomba
BELMONTE;Belmonte
CASTELO BRANCO;Cebolais de Cima
CASTELO BRANCO;Escalos de Baixo
CASTELO BRANCO;Escalos de Cima
CASTELO BRANCO;Freixial
CASTELO BRANCO;Ninho do Açor
CASTELO BRANCO;Póvoa de Rio de Moinhos
COVILHÃ;Barco
COVILHÃ;Cantar-Galo
COVILHÃ;Casegas
COVILHÃ;Covilhã
COVILHÃ;Peso
COVILHÃ;Teixoso
COVILHÃ;Vale Formoso
FUNDÃO;Três Povos 
FUNDÃO;Janeiro de Cima
FUNDÃO;Fundão
FUNDÃO;Póvoa de Atalaia
FUNDÃO;Vale de Prazeres
IDANHA-A-NOVA;Idanha-a-Nova
IDANHA-A-NOVA;Monfortinho
IDANHA-A-NOVA;Monsanto-a-Velha 
IDANHA-A-NOVA;Zebreira
OLEIROS;Estreito-Vilar Barroco 
OLEIROS;Oleiros-Amieira 
PENAMACOR;Aldeia do Bispo
PENAMACOR;Pedrógão de São Pedro
PROENÇA-A-NOVA;Proença-a-Nova
PROENÇA-A-NOVA;Sobreira Formosa
SERTÃ;Cernache do Bonjardim
SERTÃ;Cumeada
SERTÃ;Ermida
ARGANIL;Cepos
ARGANIL;Cerdeira
ARGANIL;Côja
ARGANIL;Vila Cova de Alva
CANTANHEDE;Cantanhede
CANTANHEDE;Covões
CANTANHEDE;Portunhos
CANTANHEDE;Sepins
CANTANHEDE;Vilamar
COIMBRA;Antuzede
COIMBRA;Assafarge
COIMBRA;Sé Nova
COIMBRA;Eiras
COIMBRA;Santa Clara
COIMBRA;São Martinho de Árvore
COIMBRA;São Martinho do Bispo
COIMBRA;Souselas
COIMBRA;Taveiro
COIMBRA;Trouxemil
CONDEIXA-A-NOVA;Condeixa-a-Velha-a-Nova 
CONDEIXA-A-NOVA;Sebal
CONDEIXA-A-NOVA;Vila Seca
FIGUEIRA DA FOZ;Alhadas 
FIGUEIRA DA FOZ;Buarcos 
FIGUEIRA DA FOZ;Ferreira-a-Nova 
FIGUEIRA DA FOZ;Lavos 
FIGUEIRA DA FOZ;Paião 
FIGUEIRA DA FOZ;Quiaios 
GÓIS;Cadafaz
LOUSÃ;Foz de Arouce
LOUSÃ;Lousã
MIRANDA DO CORVO;Semide
MONTEMOR-O-VELHO;Abrunheira
MONTEMOR-O-VELHO;Montemor-o-Velho
OLIVEIRA DO HOSPITAL;Ervedal
OLIVEIRA DO HOSPITAL;Lagos da Beira
OLIVEIRA DO HOSPITAL;Oliveira do Hospital
OLIVEIRA DO HOSPITAL;Penalva de Alva
OLIVEIRA DO HOSPITAL;Santa Ovaia
PAMPILHOSA DA SERRA;Fajão-Vidual 
PAMPILHOSA DA SERRA;Portela do Fojo-Machio 
PENACOVA;Friúmes
PENACOVA;Oliveira do Mondego
PENACOVA;São Pedro de Alva
PENELA;São Miguel
SOURE;Degracias
SOURE;Gesteira
TÁBUA;Ázere
TÁBUA;Covas
TÁBUA;Espariz
TÁBUA;Pinheiro de Coja
ALANDROAL;N.S. Conceição
ARRAIOLOS;Gafanhoeira
ARRAIOLOS;São Gregório
ESTREMOZ;Estremoz
ESTREMOZ;São Bento do Cortiçoêvão 
ESTREMOZ;São Lourenço de Mamporcão
ESTREMOZ;Ameixial
ÉVORA;Baceloúde 
ÉVORA;Évora
ÉVORA;Malagueira
ÉVORA;N.S. da Tourega.S. de Guadalupe
ÉVORA;São Manços
ÉVORA;S.Sebastião da Giesteira.S. da Boa Fé
MONTEMOR-O-NOVO;Cortiçadas de Lavre
MONTEMOR-O-NOVO;N.S. da Vila
PORTEL;Amieira
PORTEL;São Bartolomeu do Outeiro
REGUENGOS DE MONSARAZ;Campo
VILA VIÇOSA;Nossa Senhora da Conceição
ALBUFEIRA;Albufeira
ALCOUTIM;Alcoutim
FARO;Conceição
FARO;Faro
LAGOS;Bensafrim
LAGOS;Lagos
LOULÉ;Querença
OLHÃO;Moncarapacho
SILVES;Alcantarilhaêra 
SILVES;Algoz
TAVIRA;Conceição
TAVIRA;Luz de Taviraêvão 
TAVIRA;Tavira
VILA DO BISPO;Vila do Bispo
AGUIAR DA BEIRA;Aguiar da Beira
AGUIAR DA BEIRA;Sequeiros
AGUIAR DA BEIRA;Souto de Aguiar da Beira
ALMEIDA;Amoreira
ALMEIDA;Azinhal
ALMEIDA;Castelo Mendo
ALMEIDA;Junça
ALMEIDA;Leomil
ALMEIDA;Malpartida
ALMEIDA;Miuzela
CELORICO DA BEIRA;Açores
CELORICO DA BEIRA;São Pedro
CELORICO DA BEIRA;Cortiçô da Serra
CELORICO DA BEIRA;Rapa
FIGUEIRA DE CASTELO RODRIGO;Algodres
FIGUEIRA DE CASTELO RODRIGO;Almofala
FIGUEIRA DE CASTELO RODRIGO;Cinco Vilas
FIGUEIRA DE CASTELO RODRIGO;Freixeda Torrão
FIGUEIRA DE CASTELO RODRIGO;Colmeal
FORNOS DE ALGODRES;Cortiçô
FORNOS DE ALGODRES;Juncais
FORNOS DE ALGODRES;Sobral Pichorro
GOUVEIA;Aldeias
GOUVEIA;Figueiró da Serra
GOUVEIA;Gouveia
GOUVEIA;Melo
GOUVEIA;Moimenta da Serra
GOUVEIA;Rio Torto
GUARDA;Adão 
GUARDA;Gonçalo 
GUARDA;Guarda 
GUARDA;Jarmelo São Miguel 
GUARDA;Jarmelo São Pedro 
GUARDA;Avelãs de Ambom
GUARDA;Corujeira
GUARDA;Mizarela
GUARDA;Pousade
GUARDA;Rochoso
MEDA;Meda
MEDA;Prova
MEDA;Vale Flor
PINHEL;Agregação das freguesias Sul de Pinhel 
PINHEL;Alverca da Beira
PINHEL;Terras de Massueime 
PINHEL;Valbom
PINHEL;Alto do Palurdo 
PINHEL;Vale do Côa 
PINHEL;Freguesia do Vale do Massueime
PINHEL;Atalaia
SABUGAL;Aldeia da Ribeira
SABUGAL;Lajeosa
SABUGAL;Pousafoles do Bispo
SABUGAL;Ruvina
SABUGAL;Sabugal
SABUGAL;Santo Estêvão
SABUGAL;Seixo do Côa
SEIA;Carragozela
SEIA;Sameice
SEIA;Santa Marinha
SEIA;Seia
SEIA;Torrozelo
SEIA;Tourais
SEIA;Vide
TRANCOSO;Freches
TRANCOSO;Torre do Terrenho
TRANCOSO;Trancoso 
TRANCOSO;Vale do Seixo
TRANCOSO;Vila Franca das Naves
TRANCOSO;Vilares
VILA NOVA DE FOZ CÔA;Freixo de Numão 
VILA NOVA DE FOZ CÔA;Vila Nova de Foz Côa 
ALCOBAÇA;Aljubarrota 
ALCOBAÇA;Alcobaça
ALCOBAÇA;Coz
ALCOBAÇA;Pataias
ALVAIÁZERE;Alvaiázere 
ALVAIÁZERE;Pussos São Pedro 
ANSIÃO;Ansião
BOMBARRAL;Bombarral
CALDAS DA RAINHA;Nossa Senhora do Pópulo
CALDAS DA RAINHA;Caldas da Rainha
CALDAS DA RAINHA;Tornada
CASTANHEIRA DE PÊRA;Castanheira de Pêra
FIGUEIRÓ DOS VINHOS;Figueiró dos Vinhos
LEIRIA;Colmeias
LEIRIA;Leiria
LEIRIA;Marrazes
LEIRIA;Monte Real
LEIRIA;Monte Redondo
LEIRIA;Parceiros
LEIRIA;Santa Catarina da Serra
LEIRIA;Santa Eufémia
LEIRIA;Souto de Carpalhosa
ÓBIDOS;Santa Maria
PENICHE;Peniche
POMBAL;Guia
POMBAL;Santiago.Simão de Litém
PORTO DE MÓS;Porto de Mós
PORTO DE MÓS;Alvados
PORTO DE MÓS;Arrimal
ALENQUER;Abrigada
ALENQUER;Aldeia Galega da Merceana
ALENQUER;Alenquer
ALENQUER;Carregado
ALENQUER;Ribafria
AZAMBUJA;Manique do Intendente
CADAVAL;Cadavalêro Moniz
CADAVAL;Lamas
CADAVAL;Painho
CASCAIS;Carcavelos
CASCAIS;Cascais
LISBOA;Alvalade
LISBOA;Areeiro 
LISBOA;Arroios
LISBOA;Avenidas Novas
LISBOA;Belém 
LISBOA;Campo de Ourique
LISBOA;Estrela
LISBOA;Misericórdia
LOURES;Parque das Nações
LISBOA;Penha de França
LISBOA;Santa Clara
LISBOA;Santa Maria Maior
LISBOA;Santo António
LISBOA;São Vicente
LOURES;Camarate
LOURES;Moscavide
LOURES;Sacavém
LOURES;Santa Iria de Azoia
LOURES;Santo Antão
LOURES;Santo António dos Cavaleiros
LOURINHÃ;Lourinhã
LOURINHÃ;Miragaia
LOURINHÃ;São Bartolomeu dos Galegos
MAFRA;Azueira
MAFRA;Enxara do Bispo
MAFRA;Igreja Nova
MAFRA;Malveira
MAFRA;Venda do Pinheiroêvão das Galés
OEIRAS;Algés
OEIRAS;Carnaxide
OEIRAS;Oeiras.Julião da Barra
SINTRA;Agualva
SINTRA;Almargem do Bispo
SINTRA;Cacém
SINTRA;Massamá
SINTRA;Queluz
SINTRA;São João das Lampas
SINTRA;S.Maria
TORRES VEDRAS;A dos Cunhados
TORRES VEDRAS;Campelos
TORRES VEDRAS;Carvoeira
TORRES VEDRAS;Dois Portos
TORRES VEDRAS;Maxial
TORRES VEDRAS;S.Pedro
VILA FRANCA DE XIRA;Alhandra
VILA FRANCA DE XIRA;Alverca do Ribatejo
VILA FRANCA DE XIRA;Castanheira do Ribatejo
VILA FRANCA DE XIRA;Póvoa de Santa Iria
AMADORA;Alfragide 
AMADORA;Águas Livres 
AMADORA;Encosta do Sol 
AMADORA;Falagueira
AMADORA;Mina de Água 
AMADORA;Venteira 
ODIVELAS;Pontinha
ODIVELAS;Póvoa de Santo Adrião
ODIVELAS;Ramada
AVIS;Alcórrego
AVIS;Benavila
CRATO;Crato
ELVAS;Assunção
ELVAS;Caia
ELVAS;Barbacena
ELVAS;Terrugem
GAVIÃO;Gavião
NISA;Arez
NISA;Espírito Santo
PONTE DE SOR;Ponte de Sor
PORTALEGRE;Sé
PORTALEGRE;Reguengo
PORTALEGRE;Ribeira de Nisa
AMARANTE;Aboadela
AMARANTE;Amarante
AMARANTE;Bustelo
AMARANTE;Figueiró
AMARANTE;Freixo de Cima
AMARANTE;Olo
AMARANTE;Real
AMARANTE;Vila Garcia
BAIÃO;Ancede
BAIÃO;Baião
BAIÃO;Campelo
BAIÃO;Loivos da Ribeira
BAIÃO;Santa Cruz do Douro
BAIÃO;Teixeira
FELGUEIRAS;Macieira da Lixa
FELGUEIRAS;Margaride
FELGUEIRAS;Pedreira
FELGUEIRAS;Torrados
FELGUEIRAS;Unhão
FELGUEIRAS;Vila Cova da Lixa
FELGUEIRAS;Vila Fria
FELGUEIRAS;Vila Verde
GONDOMAR;Fânzeres
GONDOMAR;Foz do Sousa
GONDOMAR;Gondomar
GONDOMAR;Melres
LOUSADA;Cernadelo
LOUSADA;Cristelos
LOUSADA;Figueiras
LOUSADA;Lustosa
LOUSADA;Nespereira
LOUSADA;Silvares
MAIA;Castêlo da Maia 
MAIA;Cidade da Maia 
MAIA;Nogueira
MARCO DE CANAVESES;Alpendorada
MARCO DE CANAVESES;Avessadas
MARCO DE CANAVESES;Bem Viver 
MARCO DE CANAVESES;Livração 
MARCO DE CANAVESES;Marco 
MARCO DE CANAVESES;Paredes de Viadores
MARCO DE CANAVESES;Penhalonga
MARCO DE CANAVESES;Sande
MARCO DE CANAVESES;Várzea
MARCO DE CANAVESES;Vila Boa de Quires
MATOSINHOS;Custóias
MATOSINHOS;Matosinhos
MATOSINHOS;Perafita
MATOSINHOS;São Mamede de Infesta
PAÇOS DE FERREIRA;Frazão Arreigada 
PAÇOS DE FERREIRA;Paços de Ferreira 
PAÇOS DE FERREIRA;Sanfins Lamoso Codessos 
PAREDES;Paredes 
PENAFIEL;Penafiel 
PENAFIEL;Luzim
PENAFIEL;Guilhufeô 
PENAFIEL;Lagares
PENAFIEL;Termas de São Vicente 
PORTO;Aldoar
PORTO;Cedofeita
PORTO;Lordelo do Ouro
PÓVOA DE VARZIM;A Ver-o-Mar
PÓVOA DE VARZIM;Aguçadoura
PÓVOA DE VARZIM;Póvoa de Varzim
SANTO TIRSO;Areias
SANTO TIRSO;Campo
SANTO TIRSO;Carreira
SANTO TIRSO;Lamelas
SANTO TIRSO;St.Tirso
VALONGO;Campo
VILA DO CONDE;Bagunte
VILA DO CONDE;Fornelo
VILA DO CONDE;Malta
VILA DO CONDE;Retorta
VILA DO CONDE;Rio Mau
VILA DO CONDE;Touguinha
VILA DO CONDE;Vilar
VILA NOVA DE GAIA;Grijó
VILA NOVA DE GAIA;Gulpilhares
VILA NOVA DE GAIA;Mafamudeíso
VILA NOVA DE GAIA;Pedroso
VILA NOVA DE GAIA;Sandim
VILA NOVA DE GAIA;Santa Marinha
VILA NOVA DE GAIA;Serzedo
TROFA;Alvarelhos
TROFA;Bougado
TROFA;Coronado
ABRANTES;Abrantes
ABRANTES;Aldeia do Mato
ABRANTES;Alvega
ABRANTES;São Facundo
ABRANTES;São Miguel do Rio Torto
ALCANENA;Alcanena
ALCANENA;Malhou
CARTAXO;Cartaxo
CARTAXO;Ereira
CHAMUSCA;Chamusca
CHAMUSCA;Parreira
CORUCHE;Coruche
FERREIRA DO ZÊZERE;Nossa Senhora do Pranto 
FERREIRA DO ZÊZERE;Areias
SANTARÉM;Pombalinho 
MAÇÃO;Mação
RIO MAIOR;Azambujeira
RIO MAIOR;Marmeleira
RIO MAIOR;Outeiro da Cortiçada
RIO MAIOR;São João da Ribeira
SALVATERRA DE MAGOS;Glória do Ribatejo
SALVATERRA DE MAGOS;Salvaterra de Magos
SANTARÉM;Achete
SANTARÉM;Azoia de Cimaês 
SANTARÉM;Casével
SANTARÉM;Romeira
SANTARÉM;Marvila
SANTARÉM;São Vicente do Paul
TOMAR;Além da Ribeira
TOMAR;Casais
TOMAR;Madalena
TOMAR;Serra
TOMAR;São João Baptista
TORRES NOVAS;Brogueira
TORRES NOVAS;Olaia
TORRES NOVAS;Torres Novas
TORRES NOVAS;Torres Novas
VILA NOVA DA BARQUINHA;Vila Nova da Barquinha 
OURÉM;Freixianda
OURÉM;Gondemaria
OURÉM;Matas
OURÉM;Rio de Couros
ALCÁCER DO SAL;Santa Maria do Castelo
ALMADA;Almada
ALMADA;Caparica
ALMADA;Charneca de Caparica
ALMADA;Laranjeiro
BARREIRO;Alto do Seixalinho
BARREIRO;Barreiro
BARREIRO;Palhais
GRÂNDOLA;Grândola
MOITA;Baixa da Banheira
MOITA;Gaio
MONTIJO;Atalaia
MONTIJO;Montijo
MONTIJO;Pegões 
PALMELA;Poceirão
SANTIAGO DO CACÉM;Santiago do Cacém
SANTIAGO DO CACÉM;São Domingos
SEIXAL;Seixal
SETÚBAL;Azeitão
SETÚBAL;S.Julião
ARCOS DE VALDEVEZ;Alvora
ARCOS DE VALDEVEZ;Arcos de Valdevez
ARCOS DE VALDEVEZ;São Salvador
ARCOS DE VALDEVEZ;Eiras
ARCOS DE VALDEVEZ;Grade
ARCOS DE VALDEVEZ;Guilhadeses
ARCOS DE VALDEVEZ;Jolda
ARCOS DE VALDEVEZ;Padreiro
ARCOS DE VALDEVEZ;Portela
ARCOS DE VALDEVEZ;São Jorge
ARCOS DE VALDEVEZ;Soutoô 
ARCOS DE VALDEVEZ;Távora
ARCOS DE VALDEVEZ;Vilela
CAMINHA;Arga
CAMINHA;Caminha
CAMINHA;Gondar
CAMINHA;Moledo
CAMINHA;Venade
MELGAÇO;Castro Laboreiro
MELGAÇO;Chaviães
MELGAÇO;Parada do Monte
MELGAÇO;Prado
MELGAÇO;Vila
MONÇÃO;Anhões
MONÇÃO;Ceivães
MONÇÃO;Mazedo
MONÇÃO;Messegães
MONÇÃO;Monção
MONÇÃO;Sago
MONÇÃO;Troporiz
PAREDES DE COURA;Bico
PAREDES DE COURA;Cossourado
PAREDES DE COURA;Formariz
PAREDES DE COURA;Insalde
PAREDES DE COURA;Paredes de Coura
PONTE DA BARCA;Crasto
PONTE DA BARCA;Entre Ambos-os-Rios
PONTE DA BARCA;Ponte da Barca
PONTE DA BARCA;Touvedo
PONTE DA BARCA;Vila Chã
PONTE DE LIMA;Arca
PONTE DE LIMA;Ardegão
PONTE DE LIMA;Vale do Neiva 
PONTE DE LIMA;Bárrio
PONTE DE LIMA;Cabaços
PONTE DE LIMA;Cabração
PONTE DE LIMA;Fornelos
PONTE DE LIMA;Labrujó
PONTE DE LIMA;Navió
VALENÇA;Gandra
VALENÇA;Gondomil
VALENÇA;São Julião
VALENÇA;Valença
VIANA DO CASTELO;Barroselas
VIANA DO CASTELO;Cardielos
VIANA DO CASTELO;Geraz do Lima
VIANA DO CASTELO;Mazarefes
VIANA DO CASTELO;Nogueira
VIANA DO CASTELO;Subportela
VIANA DO CASTELO;Torre
VIANA DO CASTELO;Santa Maria Maior 
VILA NOVA DE CERVEIRA;Campos
VILA NOVA DE CERVEIRA;Candemil
VILA NOVA DE CERVEIRA;Reboreda
VILA NOVA DE CERVEIRA;Vila Nova de Cerveira
ALIJÓ;Carlão
ALIJÓ;Castedo
ALIJÓ;Pópulo
ALIJÓ;Vale Mendiz
BOTICAS;Alturas do Barroso
BOTICAS;Ardãos
BOTICAS;Boticas
BOTICAS;Codessoso
BOTICAS;Vilar
CHAVES;Planalto de Monforte 
CHAVES;Madalena
CHAVES;Eiras
CHAVES;Calvão
CHAVES;Loivos
CHAVES;Santa Cruz 
CHAVES;Soutelo
CHAVES;Travancas
CHAVES;Vidago
MESÃO FRIO;Mesão Frio
MONDIM DE BASTO;Campanhó
MONDIM DE BASTO;Ermelo
MONTALEGRE;Cambeses do Rio
MONTALEGRE;Meixedo
MONTALEGRE;Montalegre
MONTALEGRE;Paradela
MONTALEGRE;Sezelhe
MONTALEGRE;Venda Nova
MONTALEGRE;Viade de Baixo
MONTALEGRE;Vilar de Perdizes
MURÇA;Carva
MURÇA;Noura
PESO DA RÉGUA;Galafura
PESO DA RÉGUA;Moura Morta
PESO DA RÉGUA;Peso da Régua
PESO DA RÉGUA;Poiares
RIBEIRA DE PENA;Cerva
RIBEIRA DE PENA;Salvador
SABROSA;Provesende
SABROSA;São Martinho de Anta
SANTA MARTA DE PENAGUIÃO;Lobrigos
SANTA MARTA DE PENAGUIÃO;Louredo
VALPAÇOS;Carrazedo de Montenegro
VALPAÇOS;Lebução
VALPAÇOS;Sonim
VALPAÇOS;Tinhela
VALPAÇOS;Valpaços
VILA POUCA DE AGUIAR;Alvão 
VILA POUCA DE AGUIAR;Pensalvos
VILA REAL;Adoufe
VILA REAL;Borbela
VILA REAL;Constantim
VILA REAL;Mouçós
VILA REAL;Nogueira
VILA REAL;Pena
VILA REAL;São Tomé do Castelo
VILA REAL;Nossa Senhora da Conceição
ARMAMAR;Armamar 
ARMAMAR;Aricera
ARMAMAR;São Romão
ARMAMAR;Vila Seca
CARREGAL DO SAL;Currelos
CASTRO DAIRE;Mamouros
CASTRO DAIRE;Mezio
CASTRO DAIRE;Parada de Ester
CASTRO DAIRE;Picão
CASTRO DAIRE;Reriz
CINFÃES;Alhões
LAMEGO;Lamego
LAMEGO;Bigorne
LAMEGO;Cepões
LAMEGO;Parada do Bispo
MANGUALDE;Mangualde
MANGUALDE;Moimenta de Maceira Dão
MANGUALDE;Santiago de Cassurrães
MANGUALDE;Tavares
MOIMENTA DA BEIRA;Paradinha
MOIMENTA DA BEIRA;Pêra Velha
MOIMENTA DA BEIRA;Peva
MORTÁGUA;Mortágua
NELAS;Carvalhal Redondo
NELAS;Santar
OLIVEIRA DE FRADES;Arca
OLIVEIRA DE FRADES;Destriz
OLIVEIRA DE FRADES;Oliveira de Frades
PENALVA DO CASTELO;Antas
PENALVA DO CASTELO;Vila Cova do Covelo
PENEDONO;Antas
PENEDONO;Penedono
RESENDE;Anreade
RESENDE;Felgueiras
RESENDE;Freigil
RESENDE;Ovadas
SANTA COMBA DÃO;Ovoa
SANTA COMBA DÃO;Santa Comba Dão
SANTA COMBA DÃO;Treixedo
SÃO JOÃO DA PESQUEIRA;São João da Pesqueira
SÃO JOÃO DA PESQUEIRA;Trevões
SÃO JOÃO DA PESQUEIRA;Vilarouco
SÃO PEDRO DO SUL;Carvalhais
SÃO PEDRO DO SUL;Santa Cruz da Trapa
SÃO PEDRO DO SUL;São Martinho das Moitas
SÃO PEDRO DO SUL;São Pedro do Sul
SÁTÃO;Águas Boas
SÁTÃO;Romãs
SERNANCELHE;Ferreirim
SERNANCELHE;Fonte Arcada
SERNANCELHE;Penso
SERNANCELHE;Sernancelhe
TABUAÇO;Barcos
TABUAÇO;Paradela
TABUAÇO;Pinheiros
TABUAÇO;Távora
TAROUCA;Gouviães
TAROUCA;Granja Nova
TAROUCA;Tarouca
TONDELA;Barreiro de Besteiros
TONDELA;Caparrosa
TONDELA;Mouraz
TONDELA;São João do Monte
TONDELA;São Miguel do Outeiro
TONDELA;Tondela
TONDELA;Vilar de Besteiros
VILA NOVA DE PAIVA;Vila Nova de Paiva
VISEU;Barreiros
VISEU;Boa Aldeia
VISEU;Couto de Baixo
VISEU;Faíl
VISEU;Repeses
VISEU;São Cipriano
VISEU;Viseu 
VOUZELA;Cambra
VOUZELA;Fataunços
VOUZELA;Vouzela